id,customer_id,product_id,quantity,timestamp,payment_method
1,240,274,2,2024-12-12T10:30:36.527448,Gift Card
2,926,428,2,2024-10-13T10:30:36.527460,Crypto
3,452,237,3,2023-08-20T10:30:36.527466,Gift Card
4,515,271,4,2023-02-08T10:30:36.527471,PayPal
5,837,103,5,2025-06-05T10:30:36.527475,Debit Card
6,54,329,4,2023-05-13T10:30:36.527480,Debit Card
7,568,479,1,2023-10-27T10:30:36.527484,Crypto
8,872,64,3,2025-07-31T10:30:36.527489,PayPal
9,280,231,5,2025-05-27T10:30:36.527493,Gift Card
10,94,485,2,2023-07-11T10:30:36.527497,Gift Card
11,906,179,1,2024-08-26T10:30:36.527502,Credit Card
12,406,258,3,2025-02-25T10:30:36.527506,Gift Card
13,84,192,2,2025-09-26T10:30:36.527510,Debit Card
14,954,51,3,2023-08-06T10:30:36.527515,PayPal
15,141,20,3,2023-03-30T10:30:36.527519,Gift Card
16,713,426,2,2023-09-08T10:30:36.527523,Gift Card
17,460,316,1,2023-04-11T10:30:36.527528,Credit Card
18,20,132,2,2023-06-22T10:30:36.527532,PayPal
19,562,482,5,2024-05-02T10:30:36.527536,Gift Card
20,114,398,3,2025-02-23T10:30:36.527541,Debit Card
21,125,25,2,2024-08-21T10:30:36.527546,Crypto
22,469,33,1,2023-06-21T10:30:36.527551,Gift Card
23,612,275,1,2024-01-16T10:30:36.527555,Crypto
24,589,124,2,2024-12-30T10:30:36.527559,Gift Card
25,2,315,3,2025-02-20T10:30:36.527563,Crypto
26,427,96,1,2024-05-06T10:30:36.527568,Debit Card
27,70,489,5,2024-04-15T10:30:36.527572,Crypto
28,806,260,5,2025-10-04T10:30:36.527576,Gift Card
29,895,241,1,2024-01-13T10:30:36.527581,Gift Card
30,383,130,1,2024-10-24T10:30:36.527585,Credit Card
31,354,124,1,2023-08-26T10:30:36.527589,Crypto
32,753,388,3,2025-06-10T10:30:36.527594,Credit Card
33,361,280,3,2023-07-14T10:30:36.527598,PayPal
34,851,399,4,2023-11-12T10:30:36.527602,Gift Card
35,647,94,2,2025-08-21T10:30:36.527606,Gift Card
36,38,151,2,2025-09-10T10:30:36.527611,PayPal
37,908,22,3,2023-03-14T10:30:36.527615,Debit Card
38,528,204,5,2024-06-27T10:30:36.527619,Debit Card
39,38,386,2,2025-01-05T10:30:36.527623,Debit Card
40,883,400,1,2023-05-22T10:30:36.527650,Debit Card
41,280,64,3,2024-08-03T10:30:36.527657,Gift Card
42,762,226,4,2024-11-11T10:30:36.527662,PayPal
43,509,355,4,2024-10-13T10:30:36.527666,Crypto
44,274,411,1,2023-10-11T10:30:36.527670,Gift Card
45,81,221,5,2023-07-05T10:30:36.527675,PayPal
46,559,151,3,2025-07-11T10:30:36.527679,Credit Card
47,336,339,3,2024-12-15T10:30:36.527684,Gift Card
48,618,368,4,2025-05-07T10:30:36.527691,Gift Card
49,360,229,1,2023-10-11T10:30:36.527695,Debit Card
50,630,223,3,2024-01-09T10:30:36.527699,Credit Card
51,77,344,4,2024-10-17T10:30:36.527704,Crypto
52,821,384,2,2023-02-22T10:30:36.527708,Credit Card
53,147,435,5,2023-11-30T10:30:36.527712,Gift Card
54,36,65,1,2025-02-25T10:30:36.527716,Debit Card
55,371,197,5,2025-09-21T10:30:36.527721,Crypto
56,158,348,4,2023-02-26T10:30:36.527725,Debit Card
57,381,228,1,2024-03-16T10:30:36.527729,PayPal
58,543,188,4,2024-12-07T10:30:36.527734,Debit Card
59,256,492,1,2025-09-28T10:30:36.527738,PayPal
60,512,266,4,2023-04-03T10:30:36.527743,Crypto
61,121,135,3,2023-11-04T10:30:36.527748,Gift Card
62,220,314,3,2023-11-14T10:30:36.527752,Gift Card
63,205,63,2,2023-06-04T10:30:36.527756,Credit Card
64,463,89,4,2025-07-27T10:30:36.527761,Debit Card
65,684,178,1,2024-04-09T10:30:36.527765,Crypto
66,298,457,3,2023-06-06T10:30:36.527770,PayPal
67,729,364,2,2023-08-04T10:30:36.527774,Debit Card
68,521,115,1,2025-04-02T10:30:36.527778,PayPal
69,243,405,4,2025-09-28T10:30:36.527783,Debit Card
70,568,294,3,2024-07-03T10:30:36.527787,Crypto
71,133,314,1,2025-08-18T10:30:36.527792,Debit Card
72,408,368,4,2024-05-04T10:30:36.527796,Gift Card
73,788,210,5,2025-08-10T10:30:36.527800,PayPal
74,996,163,1,2024-07-21T10:30:36.527804,Gift Card
75,697,265,3,2025-06-15T10:30:36.527808,Crypto
76,656,301,2,2023-08-30T10:30:36.527812,PayPal
77,444,258,1,2023-06-26T10:30:36.527817,Credit Card
78,531,79,3,2025-05-09T10:30:36.527821,PayPal
79,331,479,2,2024-11-04T10:30:36.527827,Crypto
80,917,146,1,2025-02-10T10:30:36.527831,PayPal
81,651,490,5,2025-01-16T10:30:36.527835,PayPal
82,641,156,5,2024-04-26T10:30:36.527839,Credit Card
83,515,329,2,2024-02-26T10:30:36.527843,Crypto
84,158,88,5,2023-10-18T10:30:36.527847,Crypto
85,346,432,5,2025-09-12T10:30:36.527852,Credit Card
86,84,24,5,2025-01-26T10:30:36.527856,PayPal
87,786,293,4,2024-01-31T10:30:36.527860,Credit Card
88,510,456,5,2025-01-01T10:30:36.527864,Debit Card
89,495,126,4,2024-12-24T10:30:36.527868,Gift Card
90,75,353,1,2025-05-16T10:30:36.527873,Gift Card
91,426,248,4,2025-03-30T10:30:36.527877,Debit Card
92,622,74,3,2023-05-26T10:30:36.527881,Debit Card
93,752,441,3,2023-01-30T10:30:36.527885,Gift Card
94,134,390,3,2024-05-15T10:30:36.527889,Crypto
95,109,164,2,2024-07-04T10:30:36.527894,Credit Card
96,274,231,2,2025-06-02T10:30:36.527898,Credit Card
97,52,149,4,2023-05-24T10:30:36.527902,Crypto
98,429,128,2,2023-07-14T10:30:36.527907,Debit Card
99,957,296,3,2025-04-13T10:30:36.527913,PayPal
100,511,264,4,2024-06-01T10:30:36.527918,Debit Card
101,510,12,1,2023-03-02T10:30:36.527922,Gift Card
102,518,235,2,2025-03-18T10:30:36.527926,Crypto
103,362,25,1,2025-01-09T10:30:36.527930,Gift Card
104,612,452,4,2025-01-05T10:30:36.527934,Crypto
105,9,434,1,2024-08-09T10:30:36.527938,PayPal
106,904,136,3,2023-09-03T10:30:36.527942,Gift Card
107,375,24,4,2025-09-02T10:30:36.527947,Crypto
108,576,100,3,2024-04-06T10:30:36.527951,Debit Card
109,76,198,5,2024-07-20T10:30:36.527955,Crypto
110,287,423,5,2023-11-28T10:30:36.527959,Crypto
111,122,66,1,2024-09-16T10:30:36.527964,Debit Card
112,814,174,5,2023-03-08T10:30:36.527968,Debit Card
113,774,74,2,2024-02-16T10:30:36.527972,Crypto
114,412,257,1,2025-09-08T10:30:36.527977,Credit Card
115,141,366,3,2023-07-24T10:30:36.527981,Gift Card
116,532,234,2,2024-02-12T10:30:36.527985,Crypto
117,144,168,5,2024-12-02T10:30:36.527989,PayPal
118,403,316,3,2024-02-25T10:30:36.527994,Debit Card
119,520,425,5,2024-04-27T10:30:36.527999,Gift Card
120,726,289,3,2024-06-25T10:30:36.528003,Credit Card
121,378,170,1,2024-08-24T10:30:36.528007,Crypto
122,316,408,1,2024-02-21T10:30:36.528012,Gift Card
123,272,496,5,2024-03-12T10:30:36.528016,PayPal
124,739,27,5,2024-06-20T10:30:36.528020,PayPal
125,537,323,5,2023-08-23T10:30:36.528024,Gift Card
126,152,421,2,2025-09-22T10:30:36.528028,Crypto
127,971,359,1,2025-04-12T10:30:36.528032,Credit Card
128,452,161,4,2025-05-22T10:30:36.528036,Gift Card
129,708,105,4,2024-05-29T10:30:36.528040,Crypto
130,943,242,1,2023-11-02T10:30:36.528045,PayPal
131,532,107,5,2024-11-26T10:30:36.528049,Gift Card
132,539,193,3,2023-02-18T10:30:36.528053,PayPal
133,471,468,5,2024-11-08T10:30:36.528057,Crypto
134,363,347,3,2024-02-08T10:30:36.528061,Gift Card
135,197,491,2,2025-01-12T10:30:36.528065,Crypto
136,306,116,3,2023-08-27T10:30:36.528070,Debit Card
137,722,107,4,2024-12-04T10:30:36.528074,Gift Card
138,358,287,3,2025-01-03T10:30:36.528080,Credit Card
139,588,347,5,2024-10-01T10:30:36.528084,Gift Card
140,839,177,2,2024-12-31T10:30:36.528088,Credit Card
141,295,490,1,2024-11-04T10:30:36.528092,Gift Card
142,672,132,4,2025-03-19T10:30:36.528096,PayPal
143,848,276,3,2023-03-14T10:30:36.528100,Crypto
144,713,140,2,2025-07-05T10:30:36.528105,Crypto
145,759,301,2,2025-02-18T10:30:36.528108,Credit Card
146,686,464,5,2025-03-07T10:30:36.528112,PayPal
147,54,52,4,2024-11-20T10:30:36.528117,Gift Card
148,103,349,2,2025-10-19T10:30:36.528121,Crypto
149,952,81,4,2023-12-26T10:30:36.528126,Gift Card
150,489,334,2,2023-09-11T10:30:36.528131,Debit Card
151,329,147,1,2023-04-09T10:30:36.528135,Credit Card
152,668,294,2,2024-04-25T10:30:36.528139,Credit Card
153,936,472,2,2024-08-23T10:30:36.528143,PayPal
154,957,471,1,2023-06-21T10:30:36.528148,Gift Card
155,807,254,2,2023-03-10T10:30:36.528152,Debit Card
156,898,20,1,2024-12-23T10:30:36.528156,Crypto
157,618,55,3,2025-01-06T10:30:36.528162,Gift Card
158,657,279,5,2024-06-06T10:30:36.528166,PayPal
159,872,259,4,2025-01-18T10:30:36.528170,PayPal
160,829,58,3,2025-05-11T10:30:36.528174,Gift Card
161,664,132,2,2025-10-10T10:30:36.528178,Debit Card
162,810,152,5,2023-12-04T10:30:36.528183,PayPal
163,180,313,4,2023-07-01T10:30:36.528187,Gift Card
164,528,168,1,2024-09-09T10:30:36.528191,Credit Card
165,190,72,4,2024-11-27T10:30:36.528196,PayPal
166,7,134,4,2025-02-25T10:30:36.528200,Gift Card
167,772,137,3,2024-12-19T10:30:36.528204,Crypto
168,741,294,1,2025-01-30T10:30:36.528208,Debit Card
169,710,121,1,2023-12-11T10:30:36.528212,Credit Card
170,477,158,2,2024-09-04T10:30:36.528217,Crypto
171,946,459,3,2023-11-18T10:30:36.528221,Credit Card
172,655,470,3,2024-10-13T10:30:36.528225,Crypto
173,227,113,2,2024-06-22T10:30:36.528229,PayPal
174,466,383,5,2024-10-07T10:30:36.528233,Gift Card
175,719,282,4,2023-09-10T10:30:36.528238,Crypto
176,822,341,2,2023-09-05T10:30:36.528242,PayPal
177,697,387,5,2023-05-14T10:30:36.528247,Credit Card
178,539,229,5,2023-11-04T10:30:36.528251,Debit Card
179,80,470,5,2025-07-02T10:30:36.528255,Credit Card
180,849,281,5,2025-03-31T10:30:36.528260,Crypto
181,550,77,2,2024-11-23T10:30:36.528264,Crypto
182,453,60,2,2023-10-21T10:30:36.528268,Crypto
183,501,47,5,2024-07-25T10:30:36.528272,Credit Card
184,465,68,5,2024-08-25T10:30:36.528276,Gift Card
185,578,30,5,2024-07-08T10:30:36.528280,Debit Card
186,741,12,4,2025-02-06T10:30:36.528284,Credit Card
187,764,112,5,2025-08-11T10:30:36.528288,Credit Card
188,434,177,1,2024-04-18T10:30:36.528292,Credit Card
189,958,458,1,2023-03-13T10:30:36.528296,Gift Card
190,33,147,4,2025-04-23T10:30:36.528300,PayPal
191,785,329,4,2024-10-06T10:30:36.528304,Gift Card
192,460,446,4,2024-10-05T10:30:36.528309,Credit Card
193,700,494,5,2025-06-10T10:30:36.528313,Debit Card
194,122,92,5,2024-09-17T10:30:36.528317,Crypto
195,131,373,2,2023-06-23T10:30:36.528321,Credit Card
196,775,12,3,2024-07-07T10:30:36.528326,Crypto
197,435,273,4,2023-07-04T10:30:36.528330,PayPal
198,254,236,3,2025-05-19T10:30:36.528335,Debit Card
199,194,480,1,2025-09-22T10:30:36.528339,Gift Card
200,630,393,1,2025-02-20T10:30:36.528344,PayPal
201,69,52,5,2025-09-20T10:30:36.528348,Gift Card
202,613,345,1,2025-02-16T10:30:36.528353,Credit Card
203,412,225,2,2024-04-20T10:30:36.528356,PayPal
204,773,443,1,2025-06-03T10:30:36.528361,Crypto
205,297,120,5,2024-12-02T10:30:36.528365,Crypto
206,613,396,3,2025-02-24T10:30:36.528369,Debit Card
207,898,74,5,2025-03-12T10:30:36.528373,Gift Card
208,308,141,1,2024-04-02T10:30:36.528377,Crypto
209,901,377,2,2024-01-22T10:30:36.528381,Gift Card
210,570,254,1,2023-02-02T10:30:36.528385,Debit Card
211,965,330,4,2023-08-12T10:30:36.528390,Crypto
212,327,357,4,2024-09-01T10:30:36.528394,PayPal
213,308,193,2,2023-09-13T10:30:36.528398,Crypto
214,485,124,2,2024-12-21T10:30:36.528402,PayPal
215,826,238,1,2024-03-28T10:30:36.528406,Gift Card
216,992,214,5,2024-04-30T10:30:36.528411,PayPal
217,398,125,3,2025-03-30T10:30:36.528416,Debit Card
218,663,41,4,2023-06-10T10:30:36.528420,Debit Card
219,95,275,2,2025-09-02T10:30:36.528424,Debit Card
220,387,345,5,2024-02-15T10:30:36.528428,Credit Card
221,895,38,2,2023-07-24T10:30:36.528432,Crypto
222,742,344,5,2025-03-16T10:30:36.528436,Gift Card
223,214,446,3,2024-12-18T10:30:36.528441,Credit Card
224,217,480,2,2023-02-12T10:30:36.528445,Credit Card
225,765,387,4,2023-04-02T10:30:36.528449,PayPal
226,713,310,2,2024-09-13T10:30:36.528453,PayPal
227,566,165,3,2024-09-30T10:30:36.528458,Gift Card
228,547,333,3,2024-12-13T10:30:36.528462,Debit Card
229,369,263,4,2024-07-04T10:30:36.528466,Credit Card
230,823,370,4,2023-09-06T10:30:36.528470,Debit Card
231,937,105,3,2024-12-08T10:30:36.528474,Gift Card
232,47,289,2,2023-09-26T10:30:36.528478,PayPal
233,17,134,5,2023-03-12T10:30:36.528482,Crypto
234,594,369,4,2024-12-26T10:30:36.528487,PayPal
235,201,169,2,2024-10-01T10:30:36.528495,Crypto
236,854,126,4,2024-04-09T10:30:36.528499,Debit Card
237,264,391,4,2023-02-08T10:30:36.528503,Gift Card
238,472,87,3,2025-05-04T10:30:36.528508,PayPal
239,738,280,4,2025-04-19T10:30:36.528512,Crypto
240,658,491,1,2024-05-06T10:30:36.528516,Credit Card
241,860,434,1,2023-03-02T10:30:36.528520,Credit Card
242,783,4,4,2025-06-06T10:30:36.528524,PayPal
243,70,363,2,2025-10-15T10:30:36.528528,PayPal
244,518,234,3,2025-08-24T10:30:36.528532,Crypto
245,654,342,5,2023-04-04T10:30:36.528536,Gift Card
246,676,250,1,2025-10-18T10:30:36.528540,Crypto
247,565,211,1,2025-10-07T10:30:36.528544,Crypto
248,740,141,5,2023-01-28T10:30:36.528548,Debit Card
249,18,258,4,2023-07-22T10:30:36.528552,PayPal
250,110,471,1,2024-05-06T10:30:36.528556,PayPal
251,247,99,5,2024-05-03T10:30:36.528561,Debit Card
252,835,182,3,2023-08-02T10:30:36.528566,Gift Card
253,81,192,4,2024-07-11T10:30:36.528571,Crypto
254,250,357,2,2024-12-21T10:30:36.528575,Credit Card
255,670,440,1,2025-07-21T10:30:36.528601,Gift Card
256,389,194,5,2024-06-24T10:30:36.528608,Credit Card
257,653,5,2,2025-08-01T10:30:36.528613,Gift Card
258,866,223,3,2024-03-24T10:30:36.528617,Credit Card
259,917,271,1,2025-03-03T10:30:36.528621,PayPal
260,923,445,5,2024-06-25T10:30:36.528626,Debit Card
261,48,474,1,2023-11-24T10:30:36.528630,Debit Card
262,921,279,5,2023-12-21T10:30:36.528634,Credit Card
263,184,476,3,2025-10-08T10:30:36.528638,PayPal
264,602,74,4,2023-03-18T10:30:36.528643,Credit Card
265,307,84,5,2025-02-20T10:30:36.528647,Crypto
266,855,435,4,2023-12-01T10:30:36.528651,Crypto
267,340,197,2,2023-08-07T10:30:36.528656,Credit Card
268,513,382,3,2025-08-31T10:30:36.528660,Credit Card
269,448,119,1,2024-11-10T10:30:36.528665,Crypto
270,788,315,5,2024-09-13T10:30:36.528669,Debit Card
271,31,325,3,2023-08-14T10:30:36.528673,Gift Card
272,503,117,3,2024-04-06T10:30:36.528678,Gift Card
273,443,96,5,2023-12-18T10:30:36.528682,Gift Card
274,88,396,5,2024-12-26T10:30:36.528687,PayPal
275,731,38,1,2025-01-23T10:30:36.528692,PayPal
276,390,365,2,2023-09-28T10:30:36.528696,Gift Card
277,325,185,1,2025-07-23T10:30:36.528700,Credit Card
278,966,158,4,2024-10-21T10:30:36.528704,Debit Card
279,105,68,1,2025-04-16T10:30:36.528708,Gift Card
280,460,286,5,2024-05-18T10:30:36.528712,Gift Card
281,106,14,1,2024-10-27T10:30:36.528717,Crypto
282,96,306,5,2023-08-13T10:30:36.528721,Debit Card
283,885,198,1,2024-12-30T10:30:36.528725,Gift Card
284,398,399,1,2023-10-13T10:30:36.528729,Crypto
285,927,125,5,2024-05-09T10:30:36.528733,PayPal
286,702,195,2,2025-06-04T10:30:36.528737,Debit Card
287,309,138,4,2025-05-28T10:30:36.528741,Credit Card
288,172,223,3,2024-08-19T10:30:36.528745,Debit Card
289,496,401,1,2024-10-20T10:30:36.528749,Debit Card
290,967,127,4,2024-02-24T10:30:36.528753,Crypto
291,201,235,1,2025-06-08T10:30:36.528757,Debit Card
292,7,486,4,2024-11-18T10:30:36.528762,Crypto
293,390,412,3,2024-07-31T10:30:36.528780,Debit Card
294,441,418,5,2025-06-07T10:30:36.528800,Debit Card
295,329,309,2,2024-06-21T10:30:36.528805,Debit Card
296,182,494,4,2023-02-06T10:30:36.528810,Debit Card
297,299,377,4,2023-02-07T10:30:36.528814,Crypto
298,801,125,3,2024-10-04T10:30:36.528818,Debit Card
299,837,403,4,2024-10-16T10:30:36.528822,Credit Card
300,955,289,2,2024-02-26T10:30:36.528827,Crypto
301,185,350,5,2025-09-27T10:30:36.528832,Gift Card
302,966,363,2,2024-08-02T10:30:36.528837,Debit Card
303,852,355,1,2023-07-09T10:30:36.528841,Gift Card
304,690,256,2,2024-01-15T10:30:36.528845,Debit Card
305,248,130,2,2023-10-23T10:30:36.528849,Gift Card
306,809,194,1,2024-07-22T10:30:36.528853,Crypto
307,491,299,4,2024-04-25T10:30:36.528858,Crypto
308,946,472,4,2024-04-16T10:30:36.528862,Credit Card
309,810,496,3,2023-11-06T10:30:36.528866,Crypto
310,609,327,1,2025-07-05T10:30:36.528870,PayPal
311,674,341,3,2025-05-07T10:30:36.528874,Crypto
312,46,289,4,2023-02-07T10:30:36.528878,Debit Card
313,989,408,4,2025-07-08T10:30:36.528884,Credit Card
314,101,133,2,2024-05-20T10:30:36.528888,Crypto
315,572,298,5,2025-03-12T10:30:36.528892,Gift Card
316,384,201,4,2023-08-26T10:30:36.528896,Crypto
317,708,257,2,2024-11-05T10:30:36.528900,Credit Card
318,495,54,3,2024-08-25T10:30:36.528905,Credit Card
319,119,426,2,2024-11-02T10:30:36.528909,Debit Card
320,352,234,2,2024-05-09T10:30:36.528913,Gift Card
321,357,244,1,2024-08-02T10:30:36.528917,Gift Card
322,327,35,3,2025-09-09T10:30:36.528921,Credit Card
323,24,435,3,2023-12-31T10:30:36.528925,Credit Card
324,694,410,2,2023-03-17T10:30:36.528930,PayPal
325,529,90,5,2025-05-14T10:30:36.528935,Debit Card
326,574,219,4,2025-03-01T10:30:36.528939,Gift Card
327,645,95,2,2024-01-08T10:30:36.528943,Gift Card
328,406,15,5,2023-05-04T10:30:36.528948,PayPal
329,461,304,4,2024-09-21T10:30:36.528952,Credit Card
330,722,110,2,2025-01-12T10:30:36.528956,Credit Card
331,592,53,5,2025-04-16T10:30:36.528960,Debit Card
332,334,101,4,2025-06-30T10:30:36.528965,Debit Card
333,687,442,4,2024-05-02T10:30:36.528970,Debit Card
334,612,199,5,2024-09-18T10:30:36.528974,Crypto
335,117,179,3,2023-06-12T10:30:36.528978,Gift Card
336,633,89,3,2023-03-29T10:30:36.528983,Crypto
337,605,44,2,2024-12-08T10:30:36.528987,Credit Card
338,245,157,1,2025-04-20T10:30:36.528991,Debit Card
339,711,73,5,2024-09-22T10:30:36.528995,Gift Card
340,611,71,5,2024-09-27T10:30:36.528999,Gift Card
341,191,250,5,2023-11-14T10:30:36.529003,PayPal
342,569,86,4,2025-01-02T10:30:36.529007,PayPal
343,192,162,4,2024-01-29T10:30:36.529011,Credit Card
344,887,184,1,2024-06-15T10:30:36.529016,PayPal
345,200,418,4,2023-02-11T10:30:36.529020,Crypto
346,518,335,4,2024-09-01T10:30:36.529024,Gift Card
347,426,364,4,2024-06-11T10:30:36.529028,PayPal
348,85,290,1,2023-08-02T10:30:36.529032,PayPal
349,300,17,3,2025-03-08T10:30:36.529037,Crypto
350,296,87,4,2024-03-24T10:30:36.529041,Gift Card
351,563,262,1,2024-03-17T10:30:36.529045,Credit Card
352,275,397,5,2023-07-04T10:30:36.529050,Debit Card
353,556,422,1,2023-09-07T10:30:36.529056,Gift Card
354,560,112,4,2025-07-12T10:30:36.529060,PayPal
355,305,448,1,2024-07-21T10:30:36.529065,Debit Card
356,357,442,1,2024-08-01T10:30:36.529069,Credit Card
357,795,416,2,2025-03-24T10:30:36.529073,Crypto
358,706,180,5,2024-01-16T10:30:36.529077,Gift Card
359,170,316,2,2023-08-13T10:30:36.529081,PayPal
360,834,106,1,2024-03-20T10:30:36.529085,Debit Card
361,546,144,5,2024-04-21T10:30:36.529090,PayPal
362,332,361,3,2025-01-01T10:30:36.529094,Crypto
363,274,488,5,2023-04-17T10:30:36.529099,Credit Card
364,139,493,4,2023-03-29T10:30:36.529104,Credit Card
365,284,444,2,2023-11-06T10:30:36.529110,PayPal
366,256,75,3,2023-06-29T10:30:36.529115,PayPal
367,780,432,4,2024-06-10T10:30:36.529120,PayPal
368,592,324,3,2024-01-21T10:30:36.529124,Gift Card
369,385,232,1,2024-01-15T10:30:36.529128,Credit Card
370,413,264,3,2023-11-13T10:30:36.529132,Debit Card
371,466,487,4,2024-11-23T10:30:36.529136,Crypto
372,3,445,1,2023-10-07T10:30:36.529142,Gift Card
373,651,341,3,2023-06-07T10:30:36.529146,Credit Card
374,815,274,4,2025-03-15T10:30:36.529150,Gift Card
375,845,109,4,2025-01-23T10:30:36.529154,Debit Card
376,849,146,3,2024-04-12T10:30:36.529158,Crypto
377,134,290,4,2023-08-09T10:30:36.529162,Debit Card
378,916,350,1,2025-09-07T10:30:36.529167,Credit Card
379,642,402,4,2025-10-08T10:30:36.529171,Credit Card
380,952,440,2,2024-07-30T10:30:36.529175,Gift Card
381,1,491,4,2025-03-31T10:30:36.529179,PayPal
382,904,333,3,2025-05-15T10:30:36.529183,Debit Card
383,96,336,3,2025-02-10T10:30:36.529187,Credit Card
384,381,341,2,2025-09-01T10:30:36.529191,Gift Card
385,641,157,2,2024-08-11T10:30:36.529195,Credit Card
386,721,49,1,2025-03-20T10:30:36.529199,Gift Card
387,80,68,5,2025-03-07T10:30:36.529203,Crypto
388,697,228,1,2025-10-16T10:30:36.529207,Debit Card
389,837,62,4,2023-11-14T10:30:36.529211,PayPal
390,490,37,2,2024-09-27T10:30:36.529216,Credit Card
391,749,413,1,2025-07-11T10:30:36.529221,Debit Card
392,377,452,3,2025-06-06T10:30:36.529225,Gift Card
393,793,417,2,2024-01-07T10:30:36.529229,PayPal
394,71,272,5,2025-10-16T10:30:36.529233,Crypto
395,666,85,4,2024-10-30T10:30:36.529237,PayPal
396,644,384,2,2023-03-28T10:30:36.529241,Gift Card
397,631,352,4,2023-05-28T10:30:36.529245,PayPal
398,89,460,1,2025-06-03T10:30:36.529249,Credit Card
399,604,374,4,2024-10-30T10:30:36.529253,Gift Card
400,323,406,2,2025-02-13T10:30:36.529257,Debit Card
401,661,44,2,2024-04-06T10:30:36.529261,Crypto
402,615,370,5,2025-01-06T10:30:36.529266,Credit Card
403,869,434,3,2025-03-28T10:30:36.529270,Crypto
404,622,261,2,2023-09-20T10:30:36.529275,Gift Card
405,303,331,1,2023-08-14T10:30:36.529280,PayPal
406,507,198,1,2025-02-20T10:30:36.529284,Gift Card
407,654,305,1,2024-05-02T10:30:36.529288,Credit Card
408,370,479,3,2025-06-11T10:30:36.529292,Gift Card
409,882,430,5,2024-08-20T10:30:36.529296,Debit Card
410,560,350,2,2023-09-04T10:30:36.529300,Gift Card
411,978,395,1,2025-10-07T10:30:36.529306,Crypto
412,70,8,3,2025-03-18T10:30:36.529310,Credit Card
413,945,31,4,2024-05-24T10:30:36.529314,Debit Card
414,644,365,5,2023-08-31T10:30:36.529318,Gift Card
415,434,360,4,2025-08-01T10:30:36.529322,Crypto
416,551,316,2,2025-01-13T10:30:36.529326,Credit Card
417,318,41,5,2023-03-26T10:30:36.529330,PayPal
418,998,414,2,2024-04-23T10:30:36.529334,Debit Card
419,401,301,1,2024-12-11T10:30:36.529362,Gift Card
420,748,489,2,2025-08-26T10:30:36.529370,PayPal
421,89,474,4,2025-06-28T10:30:36.529376,Gift Card
422,627,312,1,2024-12-12T10:30:36.529380,PayPal
423,123,7,2,2023-11-06T10:30:36.529385,Credit Card
424,168,255,3,2024-05-07T10:30:36.529389,Crypto
425,802,422,3,2025-05-07T10:30:36.529393,Debit Card
426,130,384,3,2023-10-05T10:30:36.529397,Credit Card
427,790,461,1,2024-11-15T10:30:36.529404,Gift Card
428,279,269,1,2025-01-28T10:30:36.529408,Crypto
429,643,40,4,2024-07-15T10:30:36.529413,Crypto
430,369,29,4,2023-05-29T10:30:36.529439,Crypto
431,171,189,2,2025-02-05T10:30:36.529447,Credit Card
432,916,294,1,2025-03-05T10:30:36.529452,Crypto
433,3,23,1,2025-02-16T10:30:36.529456,Credit Card
434,484,187,4,2023-03-27T10:30:36.529460,PayPal
435,184,477,1,2024-04-06T10:30:36.529464,Gift Card
436,230,165,2,2024-08-24T10:30:36.529468,Debit Card
437,278,423,1,2024-03-18T10:30:36.529473,Debit Card
438,123,258,1,2025-04-24T10:30:36.529477,PayPal
439,824,265,1,2023-02-21T10:30:36.529481,Gift Card
440,71,450,4,2023-05-22T10:30:36.529485,Debit Card
441,793,433,3,2024-11-23T10:30:36.529489,Credit Card
442,567,234,1,2024-10-12T10:30:36.529493,PayPal
443,299,289,3,2023-09-28T10:30:36.529497,Crypto
444,249,238,3,2024-02-27T10:30:36.529501,Gift Card
445,792,398,2,2023-10-05T10:30:36.529506,Crypto
446,779,408,2,2025-05-23T10:30:36.529510,Credit Card
447,955,210,1,2025-02-28T10:30:36.529514,Crypto
448,355,326,1,2023-02-24T10:30:36.529518,Debit Card
449,2,389,4,2023-06-08T10:30:36.529522,Debit Card
450,107,106,5,2025-02-23T10:30:36.529528,Gift Card
451,504,493,1,2023-02-02T10:30:36.529533,PayPal
452,729,144,1,2025-09-10T10:30:36.529537,PayPal
453,919,433,5,2024-08-28T10:30:36.529541,Debit Card
454,470,499,1,2024-03-09T10:30:36.529547,Credit Card
455,518,69,4,2025-08-09T10:30:36.529552,Crypto
456,582,32,4,2023-12-16T10:30:36.529558,PayPal
457,243,150,3,2023-06-06T10:30:36.529562,Debit Card
458,949,411,4,2023-11-07T10:30:36.529567,Debit Card
459,326,232,3,2025-02-27T10:30:36.529571,Credit Card
460,967,104,2,2023-08-18T10:30:36.529575,Crypto
461,112,80,1,2025-05-09T10:30:36.529579,Gift Card
462,478,161,4,2025-06-23T10:30:36.529583,Crypto
463,367,494,2,2024-07-19T10:30:36.529588,Debit Card
464,475,136,1,2025-07-24T10:30:36.529592,PayPal
465,827,352,3,2023-07-01T10:30:36.529596,Crypto
466,42,111,3,2025-05-26T10:30:36.529601,Credit Card
467,729,128,3,2024-09-14T10:30:36.529605,Crypto
468,51,347,3,2025-01-31T10:30:36.529609,PayPal
469,32,488,4,2023-06-02T10:30:36.529615,Gift Card
470,570,384,5,2025-02-11T10:30:36.529619,Credit Card
471,474,53,2,2025-06-22T10:30:36.529623,Credit Card
472,64,426,2,2025-06-13T10:30:36.529628,PayPal
473,844,206,3,2023-11-22T10:30:36.529632,Credit Card
474,597,301,3,2023-03-30T10:30:36.529636,Credit Card
475,23,34,2,2023-04-14T10:30:36.529640,Gift Card
476,829,66,1,2023-04-12T10:30:36.529645,Debit Card
477,126,22,4,2025-09-03T10:30:36.529649,PayPal
478,947,294,4,2023-07-06T10:30:36.529653,Gift Card
479,509,16,4,2023-11-25T10:30:36.529657,Gift Card
480,177,182,2,2023-04-08T10:30:36.529661,PayPal
481,282,144,4,2023-05-04T10:30:36.529666,PayPal
482,36,315,5,2024-02-01T10:30:36.529670,PayPal
483,663,152,4,2024-08-29T10:30:36.529674,Crypto
484,491,32,1,2025-01-11T10:30:36.529678,Gift Card
485,141,215,2,2024-01-05T10:30:36.529682,Crypto
486,256,323,5,2023-08-03T10:30:36.529687,Credit Card
487,392,401,3,2024-06-20T10:30:36.529691,Crypto
488,801,249,3,2023-04-04T10:30:36.529695,Crypto
489,515,165,4,2025-01-21T10:30:36.529700,PayPal
490,27,164,5,2025-03-14T10:30:36.529705,Credit Card
491,918,416,3,2025-08-26T10:30:36.529710,Gift Card
492,543,184,5,2025-02-28T10:30:36.529714,PayPal
493,103,127,2,2025-01-25T10:30:36.529718,Crypto
494,836,406,1,2023-09-03T10:30:36.529722,PayPal
495,590,434,4,2024-10-26T10:30:36.529727,PayPal
496,181,122,5,2024-12-03T10:30:36.529732,Debit Card
497,936,303,1,2023-11-04T10:30:36.529736,Debit Card
498,971,291,5,2025-06-01T10:30:36.529740,Crypto
499,972,97,4,2024-04-17T10:30:36.529744,Debit Card
500,180,252,1,2025-07-24T10:30:36.529748,Credit Card
501,239,309,2,2025-10-04T10:30:36.529752,Crypto
502,490,1,3,2023-03-30T10:30:36.529757,Crypto
503,207,413,2,2024-11-10T10:30:36.529761,PayPal
504,941,411,3,2025-08-25T10:30:36.529765,Credit Card
505,152,301,2,2023-08-24T10:30:36.529769,Credit Card
506,867,270,3,2023-02-14T10:30:36.529775,Credit Card
507,383,361,4,2024-03-03T10:30:36.529779,Credit Card
508,345,155,3,2025-06-07T10:30:36.529784,PayPal
509,750,486,4,2023-08-06T10:30:36.529789,Gift Card
510,665,163,2,2023-10-31T10:30:36.529793,Crypto
511,711,456,5,2023-08-11T10:30:36.529797,Debit Card
512,229,341,5,2023-07-13T10:30:36.529801,PayPal
513,388,158,3,2025-06-16T10:30:36.529806,PayPal
514,747,1,5,2024-09-19T10:30:36.529810,Crypto
515,34,94,5,2024-12-03T10:30:36.529814,Crypto
516,227,328,5,2025-07-10T10:30:36.529819,Gift Card
517,145,170,1,2025-02-23T10:30:36.529823,Debit Card
518,328,86,1,2023-07-06T10:30:36.529827,Debit Card
519,458,6,3,2025-03-24T10:30:36.529832,PayPal
520,710,35,3,2025-02-04T10:30:36.529836,Credit Card
521,738,1,1,2024-09-24T10:30:36.529840,Gift Card
522,751,215,2,2023-05-03T10:30:36.529844,Gift Card
523,505,452,4,2024-10-30T10:30:36.529848,Crypto
524,385,52,4,2023-08-09T10:30:36.529852,Crypto
525,667,389,2,2025-05-11T10:30:36.529857,Gift Card
526,76,410,1,2024-12-27T10:30:36.529861,Credit Card
527,327,134,1,2025-08-10T10:30:36.529865,Debit Card
528,175,455,4,2025-05-13T10:30:36.529870,Credit Card
529,561,483,1,2024-11-12T10:30:36.529875,Crypto
530,629,458,4,2023-11-03T10:30:36.529879,Credit Card
531,442,483,2,2024-02-11T10:30:36.529884,Gift Card
532,161,28,1,2024-11-19T10:30:36.529888,PayPal
533,998,98,4,2023-11-11T10:30:36.529892,Crypto
534,740,474,5,2025-01-26T10:30:36.529896,Debit Card
535,305,122,1,2025-09-04T10:30:36.529900,Gift Card
536,586,282,4,2025-05-20T10:30:36.529904,Credit Card
537,370,2,4,2025-07-27T10:30:36.529909,Debit Card
538,844,339,5,2024-06-20T10:30:36.529913,PayPal
539,100,14,2,2025-05-03T10:30:36.529917,Debit Card
540,84,243,1,2024-12-13T10:30:36.529921,Gift Card
541,483,251,3,2025-07-23T10:30:36.529925,Crypto
542,397,95,3,2023-05-02T10:30:36.529930,Gift Card
543,379,96,4,2025-09-09T10:30:36.529934,Debit Card
544,451,239,3,2025-03-07T10:30:36.529938,Debit Card
545,578,32,2,2023-09-15T10:30:36.529942,Credit Card
546,88,343,3,2023-07-20T10:30:36.529947,Crypto
547,424,498,5,2025-03-06T10:30:36.529952,Crypto
548,63,431,4,2023-07-09T10:30:36.529957,Crypto
549,429,495,5,2023-11-21T10:30:36.529961,Gift Card
550,587,452,2,2024-06-24T10:30:36.529965,Debit Card
551,81,203,1,2024-05-28T10:30:36.529969,Crypto
552,923,265,5,2023-12-01T10:30:36.529973,Crypto
553,151,62,4,2025-04-30T10:30:36.529977,PayPal
554,996,109,2,2025-06-17T10:30:36.529982,Credit Card
555,434,41,4,2025-04-01T10:30:36.529987,PayPal
556,855,305,3,2024-12-01T10:30:36.529991,Credit Card
557,90,199,5,2024-09-13T10:30:36.529997,Crypto
558,334,439,3,2024-05-10T10:30:36.530001,Gift Card
559,940,448,1,2023-08-11T10:30:36.530005,Crypto
560,602,268,4,2025-07-01T10:30:36.530009,Gift Card
561,154,76,5,2024-03-01T10:30:36.530014,Crypto
562,777,494,1,2023-03-22T10:30:36.530018,Credit Card
563,577,400,1,2023-08-12T10:30:36.530023,Debit Card
564,889,275,3,2023-05-10T10:30:36.530027,Gift Card
565,271,197,4,2024-03-18T10:30:36.530031,Crypto
566,485,20,2,2025-01-15T10:30:36.530035,Gift Card
567,148,317,5,2023-11-27T10:30:36.530040,Gift Card
568,40,203,3,2023-11-17T10:30:36.530045,PayPal
569,51,382,4,2023-03-27T10:30:36.530049,Debit Card
570,919,191,1,2024-11-13T10:30:36.530053,Debit Card
571,319,144,4,2023-05-30T10:30:36.530058,Credit Card
572,996,445,2,2025-06-09T10:30:36.530062,Debit Card
573,998,381,4,2023-08-24T10:30:36.530066,Debit Card
574,276,374,4,2024-02-13T10:30:36.530070,Credit Card
575,193,227,2,2023-04-03T10:30:36.530074,Gift Card
576,759,249,5,2023-05-20T10:30:36.530078,Debit Card
577,841,29,5,2023-08-06T10:30:36.530083,PayPal
578,68,160,5,2024-09-06T10:30:36.530087,PayPal
579,800,436,5,2023-05-08T10:30:36.530091,Crypto
580,30,89,2,2023-05-12T10:30:36.530095,PayPal
581,858,30,2,2025-09-21T10:30:36.530102,Gift Card
582,52,471,3,2023-11-03T10:30:36.530106,PayPal
583,281,189,4,2024-05-25T10:30:36.530111,Gift Card
584,651,473,1,2023-11-27T10:30:36.530116,Credit Card
585,248,191,4,2024-02-24T10:30:36.530120,Gift Card
586,182,492,4,2024-03-03T10:30:36.530125,Crypto
587,359,177,2,2023-06-20T10:30:36.530130,Debit Card
588,767,426,1,2025-01-06T10:30:36.530134,Credit Card
589,396,26,2,2023-06-03T10:30:36.530138,Crypto
590,799,495,2,2023-05-31T10:30:36.530142,PayPal
591,663,116,2,2025-01-22T10:30:36.530146,Gift Card
592,526,11,1,2024-06-26T10:30:36.530151,PayPal
593,663,89,5,2023-07-27T10:30:36.530155,Credit Card
594,230,130,5,2023-07-23T10:30:36.530159,Debit Card
595,730,496,3,2024-08-17T10:30:36.530163,Gift Card
596,873,179,4,2025-02-08T10:30:36.530167,PayPal
597,478,155,5,2023-07-03T10:30:36.530171,Crypto
598,407,300,1,2025-10-17T10:30:36.530176,Crypto
599,679,495,3,2024-03-29T10:30:36.530180,Crypto
600,624,145,3,2023-11-24T10:30:36.530184,Credit Card
601,494,33,3,2025-01-14T10:30:36.530188,Debit Card
602,883,142,3,2023-12-23T10:30:36.530192,Debit Card
603,193,77,5,2023-09-02T10:30:36.530196,PayPal
604,922,30,5,2024-09-06T10:30:36.530201,Debit Card
605,698,72,1,2023-12-23T10:30:36.530205,Gift Card
606,303,133,4,2024-09-05T10:30:36.530229,Gift Card
607,755,19,5,2023-10-30T10:30:36.530236,Crypto
608,836,98,3,2023-10-12T10:30:36.530242,PayPal
609,703,274,4,2023-04-10T10:30:36.530247,Debit Card
610,520,154,2,2023-06-17T10:30:36.530251,Crypto
611,186,151,1,2024-06-29T10:30:36.530255,PayPal
612,759,133,5,2023-09-04T10:30:36.530260,PayPal
613,970,349,3,2023-12-24T10:30:36.530264,Credit Card
614,228,182,2,2023-09-23T10:30:36.530268,Debit Card
615,431,404,3,2024-10-09T10:30:36.530272,Debit Card
616,600,151,4,2023-06-06T10:30:36.530276,Credit Card
617,482,28,5,2024-03-09T10:30:36.530280,Crypto
618,73,242,2,2024-05-30T10:30:36.530286,Credit Card
619,889,349,4,2024-04-30T10:30:36.530290,Debit Card
620,424,28,2,2025-06-06T10:30:36.530294,PayPal
621,351,210,5,2023-04-24T10:30:36.530298,Gift Card
622,147,162,2,2023-08-19T10:30:36.530303,Credit Card
623,500,171,2,2024-12-08T10:30:36.530307,Credit Card
624,5,232,3,2025-03-24T10:30:36.530311,PayPal
625,591,392,2,2024-06-10T10:30:36.530317,Credit Card
626,133,315,4,2024-01-15T10:30:36.530321,Gift Card
627,414,220,4,2024-09-27T10:30:36.530325,Credit Card
628,39,274,2,2023-10-07T10:30:36.530329,Debit Card
629,973,8,3,2023-09-10T10:30:36.530333,Crypto
630,196,10,1,2024-01-22T10:30:36.530338,PayPal
631,232,356,3,2024-12-09T10:30:36.530342,PayPal
632,106,197,5,2024-03-01T10:30:36.530346,Debit Card
633,172,34,1,2024-12-23T10:30:36.530350,Debit Card
634,467,373,5,2024-02-22T10:30:36.530354,Crypto
635,346,223,2,2024-11-08T10:30:36.530358,Gift Card
636,368,385,2,2025-05-09T10:30:36.530363,Gift Card
637,20,117,2,2023-10-11T10:30:36.530367,PayPal
638,217,376,1,2024-02-29T10:30:36.530371,Crypto
639,174,64,3,2023-10-27T10:30:36.530375,Credit Card
640,385,449,3,2023-08-27T10:30:36.530379,Crypto
641,639,25,5,2025-09-05T10:30:36.530384,Credit Card
642,670,429,1,2025-09-05T10:30:36.530388,Credit Card
643,427,228,4,2025-06-20T10:30:36.530392,Crypto
644,259,243,2,2025-03-28T10:30:36.530396,Credit Card
645,309,216,1,2023-12-16T10:30:36.530402,Crypto
646,277,319,5,2023-11-07T10:30:36.530406,PayPal
647,429,426,1,2024-05-19T10:30:36.530410,Crypto
648,121,145,1,2023-08-13T10:30:36.530414,Credit Card
649,510,102,5,2025-04-03T10:30:36.530418,Debit Card
650,852,268,2,2024-10-23T10:30:36.530423,Gift Card
651,303,83,1,2024-04-11T10:30:36.530427,Gift Card
652,933,107,4,2024-11-20T10:30:36.530431,PayPal
653,3,7,1,2023-04-10T10:30:36.530435,Credit Card
654,856,294,4,2025-05-25T10:30:36.530439,Credit Card
655,799,262,1,2023-10-15T10:30:36.530443,Credit Card
656,927,132,2,2024-07-14T10:30:36.530447,Debit Card
657,271,238,1,2025-07-14T10:30:36.530451,PayPal
658,896,21,3,2024-10-21T10:30:36.530456,Debit Card
659,437,379,1,2025-07-19T10:30:36.530460,Credit Card
660,10,437,2,2023-12-15T10:30:36.530466,PayPal
661,337,184,4,2023-02-19T10:30:36.530470,Crypto
662,275,450,1,2024-10-08T10:30:36.530475,Debit Card
663,188,59,4,2024-09-10T10:30:36.530479,Gift Card
664,279,428,4,2023-11-18T10:30:36.530484,Gift Card
665,820,216,2,2025-07-01T10:30:36.530488,PayPal
666,713,372,1,2023-03-04T10:30:36.530492,PayPal
667,107,214,5,2024-06-17T10:30:36.530496,Crypto
668,695,225,2,2024-02-07T10:30:36.530501,Gift Card
669,798,184,5,2025-09-25T10:30:36.530505,PayPal
670,495,472,4,2025-07-01T10:30:36.530509,Gift Card
671,452,24,1,2025-01-30T10:30:36.530513,Debit Card
672,13,361,5,2023-08-31T10:30:36.530517,Crypto
673,742,290,2,2023-02-19T10:30:36.530521,Debit Card
674,532,268,5,2025-07-19T10:30:36.530526,Gift Card
675,678,373,2,2024-06-18T10:30:36.530530,Debit Card
676,680,347,4,2025-05-25T10:30:36.530534,Crypto
677,914,314,1,2025-10-13T10:30:36.530538,PayPal
678,518,435,4,2023-06-05T10:30:36.530542,Gift Card
679,891,85,1,2023-09-16T10:30:36.530553,Gift Card
680,329,124,3,2023-02-04T10:30:36.530562,Debit Card
681,52,260,2,2024-04-09T10:30:36.530566,Gift Card
682,413,419,2,2025-08-05T10:30:36.530573,Gift Card
683,455,411,5,2024-07-23T10:30:36.530577,Credit Card
684,878,256,4,2024-12-05T10:30:36.530582,Credit Card
685,510,382,1,2025-07-11T10:30:36.530586,Gift Card
686,423,19,5,2024-04-10T10:30:36.530590,Credit Card
687,846,47,5,2023-02-11T10:30:36.530595,Crypto
688,653,156,5,2024-03-28T10:30:36.530599,PayPal
689,671,344,4,2023-02-24T10:30:36.530603,Debit Card
690,373,423,1,2023-07-11T10:30:36.530607,PayPal
691,865,233,3,2024-03-30T10:30:36.530611,Crypto
692,615,243,3,2023-10-22T10:30:36.530615,Gift Card
693,117,50,2,2025-10-22T10:30:36.530619,Debit Card
694,364,425,3,2024-04-12T10:30:36.530623,Crypto
695,383,360,1,2025-09-08T10:30:36.530627,PayPal
696,505,72,4,2025-07-07T10:30:36.530632,Debit Card
697,626,101,2,2025-06-23T10:30:36.530636,Gift Card
698,221,235,2,2023-10-22T10:30:36.530640,Debit Card
699,111,388,4,2025-09-07T10:30:36.530644,Crypto
700,127,396,4,2024-07-13T10:30:36.530648,Crypto
701,980,259,2,2023-02-11T10:30:36.530652,Gift Card
702,5,272,1,2024-04-06T10:30:36.530656,Gift Card
703,859,300,4,2023-03-23T10:30:36.530662,Crypto
704,800,472,2,2023-11-16T10:30:36.530666,Crypto
705,178,375,2,2025-07-10T10:30:36.530670,Gift Card
706,674,308,5,2023-05-05T10:30:36.530674,Debit Card
707,517,452,4,2024-08-22T10:30:36.530679,Crypto
708,938,355,2,2025-01-17T10:30:36.530683,Gift Card
709,987,176,3,2024-07-18T10:30:36.530688,PayPal
710,142,212,5,2023-11-08T10:30:36.530693,Crypto
711,307,432,5,2023-05-27T10:30:36.530697,Debit Card
712,729,378,5,2024-01-16T10:30:36.530701,PayPal
713,206,108,5,2023-10-24T10:30:36.530706,Debit Card
714,704,177,2,2023-10-28T10:30:36.530710,PayPal
715,516,278,3,2023-10-28T10:30:36.530714,Credit Card
716,780,181,5,2024-06-20T10:30:36.530718,Crypto
717,585,483,4,2023-12-04T10:30:36.530722,Crypto
718,293,450,4,2023-07-20T10:30:36.530727,Credit Card
719,536,55,1,2024-09-29T10:30:36.530731,PayPal
720,55,344,1,2025-04-03T10:30:36.530735,Debit Card
721,769,403,2,2025-01-04T10:30:36.530739,Debit Card
722,150,430,1,2023-11-17T10:30:36.530743,Debit Card
723,209,386,5,2025-09-21T10:30:36.530749,Debit Card
724,834,232,1,2024-02-02T10:30:36.530753,Crypto
725,886,115,5,2024-09-21T10:30:36.530757,PayPal
726,524,402,3,2023-11-15T10:30:36.530761,Credit Card
727,949,196,4,2024-08-24T10:30:36.530765,Debit Card
728,990,283,1,2025-10-11T10:30:36.530783,Debit Card
729,208,318,4,2023-06-28T10:30:36.530789,PayPal
730,934,325,3,2023-09-12T10:30:36.530794,Crypto
731,560,379,5,2025-04-06T10:30:36.530798,PayPal
732,302,230,2,2023-11-25T10:30:36.530802,Credit Card
733,192,493,2,2023-10-03T10:30:36.530806,Crypto
734,123,194,1,2024-08-12T10:30:36.530810,Debit Card
735,570,136,2,2025-05-13T10:30:36.530814,Crypto
736,867,131,1,2024-11-20T10:30:36.530818,Gift Card
737,727,480,2,2025-09-14T10:30:36.530822,PayPal
738,951,166,5,2025-09-02T10:30:36.530826,Crypto
739,864,339,3,2024-06-09T10:30:36.530830,Crypto
740,564,184,1,2023-08-14T10:30:36.530834,Debit Card
741,539,113,2,2024-05-09T10:30:36.530839,Credit Card
742,806,259,2,2024-08-25T10:30:36.530845,Crypto
743,550,207,1,2024-11-01T10:30:36.530849,PayPal
744,905,110,3,2024-11-19T10:30:36.530853,Debit Card
745,301,112,5,2024-04-29T10:30:36.530858,Gift Card
746,575,422,1,2025-06-29T10:30:36.530863,Debit Card
747,457,124,5,2023-03-29T10:30:36.530867,Crypto
748,250,491,1,2023-11-26T10:30:36.530871,Debit Card
749,391,469,1,2024-09-24T10:30:36.530876,Debit Card
750,554,371,3,2025-09-29T10:30:36.530880,Crypto
751,842,395,3,2024-05-16T10:30:36.530884,Crypto
752,457,250,1,2024-12-25T10:30:36.530888,PayPal
753,329,264,1,2023-02-27T10:30:36.530892,Credit Card
754,172,498,5,2024-04-26T10:30:36.530896,Credit Card
755,642,34,2,2023-12-08T10:30:36.530900,PayPal
756,886,351,4,2023-06-22T10:30:36.530905,Credit Card
757,211,276,4,2024-01-01T10:30:36.530909,Credit Card
758,765,352,2,2025-09-30T10:30:36.530913,Gift Card
759,735,170,1,2025-07-27T10:30:36.530917,Credit Card
760,56,92,3,2024-04-01T10:30:36.530922,Credit Card
761,589,421,2,2023-04-06T10:30:36.530927,Debit Card
762,418,199,4,2024-01-18T10:30:36.530951,Gift Card
763,444,162,1,2024-09-21T10:30:36.530959,Credit Card
764,548,4,5,2025-08-21T10:30:36.530964,Crypto
765,47,359,1,2024-10-23T10:30:36.530968,Crypto
766,109,149,3,2024-02-11T10:30:36.530972,Credit Card
767,289,392,4,2024-09-29T10:30:36.530977,Gift Card
768,842,339,1,2024-06-26T10:30:36.530981,PayPal
769,547,113,2,2023-09-21T10:30:36.530985,Gift Card
770,816,409,5,2024-12-26T10:30:36.530989,PayPal
771,306,347,3,2023-02-17T10:30:36.530993,Credit Card
772,567,448,5,2025-06-02T10:30:36.530998,Credit Card
773,43,3,5,2024-02-22T10:30:36.531001,Gift Card
774,551,281,1,2024-12-16T10:30:36.531006,PayPal
775,767,380,3,2025-03-22T10:30:36.531010,Gift Card
776,928,331,5,2025-06-01T10:30:36.531014,PayPal
777,189,114,5,2023-06-23T10:30:36.531018,Debit Card
778,199,59,2,2023-12-07T10:30:36.531022,Crypto
779,873,28,5,2024-07-09T10:30:36.531026,Crypto
780,75,149,1,2025-02-10T10:30:36.531030,Credit Card
781,203,372,5,2024-06-13T10:30:36.531036,Debit Card
782,366,66,2,2025-07-14T10:30:36.531040,Debit Card
783,635,36,2,2024-12-03T10:30:36.531044,Gift Card
784,462,169,5,2023-12-19T10:30:36.531048,Debit Card
785,711,300,2,2024-03-24T10:30:36.531053,Crypto
786,374,414,3,2023-02-16T10:30:36.531057,Gift Card
787,173,3,3,2025-02-14T10:30:36.531061,PayPal
788,730,379,4,2025-01-14T10:30:36.531065,Debit Card
789,138,348,3,2023-05-10T10:30:36.531069,Gift Card
790,474,229,3,2023-08-23T10:30:36.531073,Debit Card
791,499,283,1,2025-04-28T10:30:36.531077,Crypto
792,84,431,3,2023-05-29T10:30:36.531081,PayPal
793,913,276,2,2025-01-28T10:30:36.531085,Credit Card
794,745,39,1,2023-06-08T10:30:36.531090,Crypto
795,647,16,5,2024-03-11T10:30:36.531094,Gift Card
796,788,303,2,2023-04-10T10:30:36.531098,Credit Card
797,565,134,5,2023-04-23T10:30:36.531102,Crypto
798,484,335,2,2024-10-15T10:30:36.531106,Gift Card
799,229,457,5,2023-10-05T10:30:36.531110,Debit Card
800,138,238,5,2024-05-20T10:30:36.531114,Credit Card
801,407,187,5,2025-10-14T10:30:36.531119,PayPal
802,869,494,5,2023-11-24T10:30:36.531124,PayPal
803,776,264,2,2024-07-25T10:30:36.531128,PayPal
804,184,290,5,2023-12-19T10:30:36.531132,PayPal
805,754,375,4,2023-03-08T10:30:36.531136,Debit Card
806,42,113,4,2025-03-01T10:30:36.531140,Credit Card
807,271,190,2,2025-09-11T10:30:36.531144,PayPal
808,531,465,3,2024-09-22T10:30:36.531148,Gift Card
809,940,233,1,2025-09-14T10:30:36.531152,Debit Card
810,106,361,5,2024-01-15T10:30:36.531158,Debit Card
811,855,380,3,2024-03-11T10:30:36.531162,Crypto
812,584,90,4,2023-12-25T10:30:36.531167,Gift Card
813,375,301,1,2024-05-13T10:30:36.531172,Debit Card
814,386,499,2,2024-05-14T10:30:36.531176,Gift Card
815,362,419,3,2024-06-13T10:30:36.531180,Gift Card
816,909,310,1,2024-05-29T10:30:36.531184,PayPal
817,451,85,2,2025-08-07T10:30:36.531188,Crypto
818,659,144,2,2025-05-24T10:30:36.531192,PayPal
819,162,186,5,2023-10-21T10:30:36.531196,Credit Card
820,677,118,4,2023-07-17T10:30:36.531201,Debit Card
821,738,59,4,2023-12-03T10:30:36.531205,Gift Card
822,491,108,5,2025-05-12T10:30:36.531210,Gift Card
823,23,125,1,2025-06-16T10:30:36.531214,Crypto
824,607,83,2,2024-01-19T10:30:36.531218,Crypto
825,41,457,5,2025-05-27T10:30:36.531222,Credit Card
826,171,133,2,2024-05-13T10:30:36.531226,Gift Card
827,614,497,5,2024-01-11T10:30:36.531230,Credit Card
828,900,369,3,2023-02-28T10:30:36.531234,Credit Card
829,222,230,5,2024-06-29T10:30:36.531238,Gift Card
830,175,113,4,2024-02-17T10:30:36.531242,PayPal
831,814,299,2,2024-01-25T10:30:36.531246,Crypto
832,271,86,3,2023-03-25T10:30:36.531250,Gift Card
833,611,303,1,2025-03-03T10:30:36.531254,Gift Card
834,395,68,1,2025-10-08T10:30:36.531258,PayPal
835,536,441,5,2023-11-24T10:30:36.531262,Gift Card
836,847,77,5,2025-07-18T10:30:36.531268,PayPal
837,488,462,5,2024-02-18T10:30:36.531272,Credit Card
838,899,402,5,2024-05-27T10:30:36.531276,Credit Card
839,96,247,2,2023-04-15T10:30:36.531280,Crypto
840,553,424,1,2023-04-20T10:30:36.531285,Gift Card
841,535,216,3,2023-05-13T10:30:36.531289,Credit Card
842,715,272,4,2025-03-04T10:30:36.531293,Gift Card
843,809,394,4,2024-10-31T10:30:36.531297,Crypto
844,824,380,5,2025-07-16T10:30:36.531302,Gift Card
845,138,131,4,2023-09-01T10:30:36.531306,PayPal
846,932,440,1,2025-01-07T10:30:36.531310,Crypto
847,898,279,4,2025-02-03T10:30:36.531314,PayPal
848,6,364,1,2024-03-12T10:30:36.531318,Crypto
849,121,267,1,2024-10-05T10:30:36.531322,PayPal
850,705,412,3,2024-09-01T10:30:36.531326,Debit Card
851,110,80,4,2023-12-27T10:30:36.531330,Crypto
852,260,134,5,2024-08-17T10:30:36.531334,Crypto
853,375,314,3,2023-11-28T10:30:36.531338,Gift Card
854,774,105,4,2024-04-07T10:30:36.531342,Crypto
855,495,92,3,2024-03-31T10:30:36.531346,Crypto
856,496,130,3,2024-03-12T10:30:36.531350,Debit Card
857,793,362,4,2023-10-02T10:30:36.531354,PayPal
858,876,443,1,2023-09-20T10:30:36.531359,PayPal
859,458,401,2,2025-07-14T10:30:36.531364,PayPal
860,521,206,3,2023-07-27T10:30:36.531368,Crypto
861,629,357,1,2025-05-13T10:30:36.531372,Gift Card
862,988,326,1,2023-07-24T10:30:36.531376,Credit Card
863,844,75,4,2023-03-21T10:30:36.531381,Crypto
864,446,46,1,2025-01-28T10:30:36.531387,PayPal
865,380,41,5,2025-09-16T10:30:36.531391,Gift Card
866,954,206,5,2023-12-23T10:30:36.531395,Crypto
867,294,365,5,2025-08-27T10:30:36.531399,PayPal
868,656,254,4,2025-10-14T10:30:36.531403,PayPal
869,871,337,5,2025-01-05T10:30:36.531407,PayPal
870,35,402,5,2024-05-20T10:30:36.531411,Crypto
871,716,119,5,2025-05-04T10:30:36.531416,Credit Card
872,369,123,1,2023-01-29T10:30:36.531420,PayPal
873,89,142,4,2024-10-28T10:30:36.531425,Gift Card
874,416,301,2,2024-05-12T10:30:36.531429,Credit Card
875,755,361,1,2023-03-28T10:30:36.531433,Credit Card
876,563,146,5,2023-04-02T10:30:36.531437,Crypto
877,357,178,3,2025-03-07T10:30:36.531441,Crypto
878,987,100,4,2023-03-17T10:30:36.531445,Gift Card
879,589,3,3,2025-04-28T10:30:36.531451,Gift Card
880,519,55,5,2025-08-11T10:30:36.531455,Crypto
881,302,175,1,2023-07-25T10:30:36.531459,Crypto
882,980,132,5,2023-07-15T10:30:36.531463,Crypto
883,257,356,4,2023-02-08T10:30:36.531467,Gift Card
884,577,248,2,2023-09-10T10:30:36.531471,Debit Card
885,985,398,4,2023-11-27T10:30:36.531475,Gift Card
886,919,301,1,2024-06-18T10:30:36.531479,Credit Card
887,265,35,4,2024-01-15T10:30:36.531483,PayPal
888,694,360,2,2023-07-28T10:30:36.531488,Debit Card
889,423,490,3,2024-05-14T10:30:36.531492,Crypto
890,10,359,3,2025-02-12T10:30:36.531516,Debit Card
891,96,205,3,2025-08-08T10:30:36.531526,Crypto
892,954,92,4,2024-12-07T10:30:36.531530,Debit Card
893,224,458,5,2025-01-22T10:30:36.531535,PayPal
894,970,383,2,2024-06-01T10:30:36.531539,PayPal
895,241,377,2,2023-05-15T10:30:36.531543,Debit Card
896,212,118,2,2023-06-23T10:30:36.531547,PayPal
897,857,317,3,2025-05-18T10:30:36.531551,Credit Card
898,123,472,1,2023-12-02T10:30:36.531558,Gift Card
899,629,4,5,2023-02-17T10:30:36.531562,Credit Card
900,869,247,3,2024-01-28T10:30:36.531567,Debit Card
901,505,460,5,2023-05-19T10:30:36.531571,Debit Card
902,503,94,5,2025-01-11T10:30:36.531575,Gift Card
903,228,385,5,2025-06-15T10:30:36.531579,Credit Card
904,539,410,4,2024-06-22T10:30:36.531583,Crypto
905,34,258,3,2024-09-16T10:30:36.531587,PayPal
906,469,500,1,2023-11-09T10:30:36.531591,Crypto
907,472,162,1,2025-10-12T10:30:36.531595,PayPal
908,389,298,1,2024-11-25T10:30:36.531599,Debit Card
909,628,442,3,2025-04-16T10:30:36.531604,Crypto
910,270,122,3,2024-06-29T10:30:36.531608,Crypto
911,352,188,2,2024-06-01T10:30:36.531612,Gift Card
912,216,215,3,2024-10-16T10:30:36.531616,Gift Card
913,287,231,2,2024-03-18T10:30:36.531620,PayPal
914,590,352,2,2023-07-14T10:30:36.531627,Credit Card
915,739,139,2,2024-04-04T10:30:36.531632,Gift Card
916,877,196,2,2025-05-28T10:30:36.531636,PayPal
917,485,413,1,2025-04-27T10:30:36.531640,Gift Card
918,512,69,5,2024-04-26T10:30:36.531645,Debit Card
919,805,250,3,2025-02-10T10:30:36.531649,Crypto
920,880,291,1,2024-09-12T10:30:36.531654,Credit Card
921,708,84,1,2025-03-18T10:30:36.531658,Debit Card
922,488,430,1,2024-07-21T10:30:36.531662,Debit Card
923,267,185,3,2024-03-30T10:30:36.531667,Crypto
924,955,415,3,2024-11-06T10:30:36.531671,Credit Card
925,422,63,3,2023-05-20T10:30:36.531675,Crypto
926,204,296,5,2023-12-29T10:30:36.531679,Crypto
927,179,400,3,2024-10-26T10:30:36.531683,Debit Card
928,690,262,4,2023-08-23T10:30:36.531687,Gift Card
929,911,41,4,2024-02-04T10:30:36.531692,Debit Card
930,475,324,2,2023-05-19T10:30:36.531696,PayPal
931,656,414,3,2024-08-19T10:30:36.531700,Crypto
932,586,208,1,2025-08-04T10:30:36.531704,PayPal
933,352,117,3,2024-12-04T10:30:36.531708,Debit Card
934,728,137,5,2024-01-03T10:30:36.531712,Gift Card
935,278,455,4,2023-08-17T10:30:36.531716,Debit Card
936,766,301,5,2023-02-09T10:30:36.531721,Gift Card
937,424,86,2,2023-06-03T10:30:36.531746,Credit Card
938,129,373,2,2023-12-17T10:30:36.531755,Debit Card
939,964,381,1,2025-03-23T10:30:36.531760,PayPal
940,407,53,1,2025-08-20T10:30:36.531765,Gift Card
941,562,28,1,2023-08-27T10:30:36.531769,Gift Card
942,537,392,1,2025-07-10T10:30:36.531773,Debit Card
943,633,80,1,2023-12-24T10:30:36.531777,Gift Card
944,317,118,2,2023-09-30T10:30:36.531781,Debit Card
945,454,321,2,2025-06-12T10:30:36.531785,Crypto
946,859,88,1,2025-09-19T10:30:36.531789,Debit Card
947,882,469,3,2023-05-24T10:30:36.531793,Gift Card
948,479,500,5,2023-03-12T10:30:36.531797,Debit Card
949,562,228,2,2023-02-05T10:30:36.531801,Crypto
950,182,303,5,2024-07-14T10:30:36.531806,Crypto
951,446,269,5,2024-12-11T10:30:36.531810,Debit Card
952,494,277,2,2023-07-23T10:30:36.531815,Credit Card
953,453,158,3,2024-08-28T10:30:36.531818,Debit Card
954,160,156,1,2025-10-24T10:30:36.531823,Crypto
955,835,389,2,2024-11-06T10:30:36.531827,Debit Card
956,481,274,1,2023-11-20T10:30:36.531831,Gift Card
957,970,387,4,2024-12-22T10:30:36.531836,Credit Card
958,785,221,3,2024-02-21T10:30:36.531841,PayPal
959,816,4,5,2024-10-07T10:30:36.531845,PayPal
960,422,452,5,2024-08-03T10:30:36.531849,Gift Card
961,256,84,4,2023-06-29T10:30:36.531854,Gift Card
962,226,135,1,2024-08-18T10:30:36.531857,PayPal
963,530,392,5,2023-07-21T10:30:36.531863,Debit Card
964,292,333,5,2023-07-19T10:30:36.531867,Debit Card
965,423,97,1,2025-04-21T10:30:36.531872,PayPal
966,297,57,4,2024-01-31T10:30:36.531877,Gift Card
967,279,359,5,2024-06-08T10:30:36.531881,PayPal
968,329,10,2,2025-09-04T10:30:36.531885,Crypto
969,23,96,1,2025-01-09T10:30:36.531889,Debit Card
970,129,367,4,2023-10-11T10:30:36.531894,Credit Card
971,239,47,2,2025-10-09T10:30:36.531897,Gift Card
972,223,176,4,2024-12-09T10:30:36.531902,Gift Card
973,381,238,1,2024-11-20T10:30:36.531906,Credit Card
974,864,385,2,2025-08-28T10:30:36.531910,Debit Card
975,795,201,1,2024-04-16T10:30:36.531914,Gift Card
976,186,99,3,2023-07-11T10:30:36.531919,Gift Card
977,849,7,1,2023-01-31T10:30:36.531923,PayPal
978,395,395,4,2025-02-13T10:30:36.531928,Credit Card
979,204,236,1,2024-05-09T10:30:36.531932,PayPal
980,485,200,3,2023-03-11T10:30:36.531936,Debit Card
981,163,323,1,2023-09-23T10:30:36.531940,Crypto
982,534,63,3,2024-06-19T10:30:36.531945,Debit Card
983,204,185,1,2023-05-24T10:30:36.531949,PayPal
984,997,58,2,2024-01-15T10:30:36.531953,Gift Card
985,333,8,2,2023-08-03T10:30:36.531957,Debit Card
986,599,62,4,2023-08-08T10:30:36.531961,PayPal
987,10,497,1,2024-03-08T10:30:36.531965,Gift Card
988,705,306,2,2024-10-09T10:30:36.531970,Credit Card
989,255,81,4,2025-07-23T10:30:36.531974,Crypto
990,347,477,1,2025-08-24T10:30:36.531978,Debit Card
991,661,79,5,2023-08-06T10:30:36.531982,Credit Card
992,129,250,2,2024-12-04T10:30:36.531987,Crypto
993,808,331,3,2023-07-23T10:30:36.531991,Gift Card
994,751,99,1,2023-11-19T10:30:36.531995,Gift Card
995,367,371,2,2025-02-10T10:30:36.531999,Credit Card
996,497,362,4,2024-03-31T10:30:36.532004,Debit Card
997,556,357,4,2025-04-13T10:30:36.532009,Crypto
998,192,279,3,2024-11-27T10:30:36.532013,Gift Card
999,282,445,5,2023-04-02T10:30:36.532017,Crypto
1000,165,36,5,2025-05-19T10:30:36.532021,Gift Card
1001,303,420,3,2024-04-18T10:30:36.532026,Debit Card
1002,465,1,5,2024-10-01T10:30:36.532031,PayPal
1003,905,10,5,2023-05-31T10:30:36.532035,Debit Card
1004,795,318,2,2024-11-30T10:30:36.532039,Credit Card
1005,675,496,5,2023-07-09T10:30:36.532043,Gift Card
1006,195,269,4,2023-09-01T10:30:36.532047,Crypto
1007,158,314,3,2024-11-28T10:30:36.532051,Gift Card
1008,657,165,1,2025-07-18T10:30:36.532055,Crypto
1009,675,35,1,2023-06-22T10:30:36.532059,PayPal
1010,183,448,1,2025-04-01T10:30:36.532064,Credit Card
1011,498,99,1,2025-09-22T10:30:36.532068,Crypto
1012,658,429,4,2023-12-21T10:30:36.532072,Gift Card
1013,539,320,5,2025-02-04T10:30:36.532076,Credit Card
1014,376,114,5,2023-10-20T10:30:36.532081,Credit Card
1015,14,477,2,2023-12-23T10:30:36.532086,Gift Card
1016,951,456,1,2024-07-02T10:30:36.532092,Credit Card
1017,370,286,4,2023-07-06T10:30:36.532096,Debit Card
1018,814,363,1,2023-07-04T10:30:36.532100,Crypto
1019,273,271,1,2023-10-04T10:30:36.532104,Credit Card
1020,855,156,1,2023-03-02T10:30:36.532108,PayPal
1021,984,266,1,2025-07-13T10:30:36.532113,PayPal
1022,545,198,2,2025-04-10T10:30:36.532117,Crypto
1023,673,128,5,2024-01-23T10:30:36.532121,PayPal
1024,572,384,5,2024-08-25T10:30:36.532125,Credit Card
1025,785,327,5,2024-10-23T10:30:36.532129,Gift Card
1026,720,341,4,2023-05-04T10:30:36.532133,Credit Card
1027,171,406,2,2024-04-09T10:30:36.532137,Gift Card
1028,517,173,2,2024-04-26T10:30:36.532141,Crypto
1029,454,478,3,2023-04-14T10:30:36.532146,Debit Card
1030,564,167,3,2024-08-28T10:30:36.532150,Gift Card
1031,846,372,3,2024-02-09T10:30:36.532154,PayPal
1032,577,280,2,2024-10-05T10:30:36.532158,Crypto
1033,949,382,3,2024-10-21T10:30:36.532162,Gift Card
1034,459,492,4,2025-10-24T10:30:36.532166,Credit Card
1035,292,306,1,2024-05-12T10:30:36.532172,PayPal
1036,912,155,1,2024-12-21T10:30:36.532176,PayPal
1037,220,439,3,2025-10-02T10:30:36.532180,Debit Card
1038,942,284,5,2024-04-03T10:30:36.532184,Crypto
1039,949,293,2,2025-07-20T10:30:36.532189,Credit Card
1040,472,183,2,2025-06-05T10:30:36.532193,Debit Card
1041,376,456,5,2025-02-11T10:30:36.532197,PayPal
1042,263,416,3,2025-07-22T10:30:36.532201,Crypto
1043,410,292,2,2023-10-04T10:30:36.532205,Credit Card
1044,741,167,4,2025-04-30T10:30:36.532209,Gift Card
1045,846,461,5,2023-07-08T10:30:36.532213,Credit Card
1046,610,329,3,2025-09-16T10:30:36.532217,Crypto
1047,391,41,1,2023-03-26T10:30:36.532221,Debit Card
1048,357,451,4,2024-08-24T10:30:36.532226,Credit Card
1049,891,395,2,2023-09-20T10:30:36.532230,Crypto
1050,951,6,4,2025-08-30T10:30:36.532234,Debit Card
1051,537,22,3,2024-04-20T10:30:36.532238,Crypto
1052,154,168,5,2023-11-10T10:30:36.532242,PayPal
1053,157,26,4,2023-02-03T10:30:36.532246,Gift Card
1054,771,305,5,2024-05-26T10:30:36.532252,Credit Card
1055,228,222,3,2023-08-11T10:30:36.532256,Gift Card
1056,152,68,3,2025-08-01T10:30:36.532260,Gift Card
1057,586,382,1,2024-04-11T10:30:36.532264,Gift Card
1058,269,44,4,2024-05-29T10:30:36.532268,Gift Card
1059,793,358,2,2023-09-05T10:30:36.532272,PayPal
1060,493,287,2,2024-06-12T10:30:36.532276,Gift Card
1061,668,293,2,2024-03-29T10:30:36.532281,Crypto
1062,754,269,2,2025-02-18T10:30:36.532285,Credit Card
1063,273,398,4,2024-11-27T10:30:36.532289,Crypto
1064,92,58,4,2024-08-17T10:30:36.532294,Debit Card
1065,357,98,3,2024-11-06T10:30:36.532301,Crypto
1066,672,13,3,2025-05-04T10:30:36.532305,Debit Card
1067,632,421,4,2024-01-25T10:30:36.532309,PayPal
1068,452,23,2,2025-04-03T10:30:36.532315,Debit Card
1069,160,388,1,2025-07-01T10:30:36.532319,Credit Card
1070,249,486,5,2023-03-21T10:30:36.532323,PayPal
1071,890,427,3,2025-10-10T10:30:36.532328,Debit Card
1072,711,412,1,2024-12-16T10:30:36.532332,Gift Card
1073,483,12,3,2025-03-24T10:30:36.532336,Crypto
1074,217,105,5,2024-05-07T10:30:36.532341,Debit Card
1075,562,248,5,2023-10-08T10:30:36.532346,PayPal
1076,712,358,1,2024-10-04T10:30:36.532350,Crypto
1077,928,340,5,2025-09-10T10:30:36.532354,Debit Card
1078,175,31,3,2025-04-02T10:30:36.532358,Crypto
1079,278,28,4,2023-12-24T10:30:36.532362,Credit Card
1080,69,199,3,2023-12-16T10:30:36.532366,Debit Card
1081,886,56,1,2024-12-29T10:30:36.532370,Gift Card
1082,237,195,5,2023-01-28T10:30:36.532375,Credit Card
1083,926,162,4,2023-05-21T10:30:36.532379,Crypto
1084,545,46,2,2025-04-04T10:30:36.532383,Crypto
1085,990,235,5,2023-03-21T10:30:36.532387,Credit Card
1086,41,127,5,2024-12-16T10:30:36.532391,Debit Card
1087,502,202,2,2025-10-06T10:30:36.532395,Debit Card
1088,701,181,3,2024-01-23T10:30:36.532399,Debit Card
1089,242,257,3,2023-07-16T10:30:36.532403,Credit Card
1090,641,132,4,2023-04-27T10:30:36.532407,Credit Card
1091,967,285,3,2025-03-08T10:30:36.532413,PayPal
1092,350,460,4,2023-12-22T10:30:36.532417,PayPal
1093,90,374,4,2024-05-09T10:30:36.532423,Crypto
1094,894,321,2,2024-08-23T10:30:36.532427,PayPal
1095,587,79,4,2023-02-04T10:30:36.532431,Debit Card
1096,932,310,3,2024-07-22T10:30:36.532435,Crypto
1097,135,106,2,2024-03-09T10:30:36.532440,Crypto
1098,701,410,2,2023-05-25T10:30:36.532444,PayPal
1099,317,353,5,2023-04-07T10:30:36.532448,PayPal
1100,441,466,2,2023-12-23T10:30:36.532453,Crypto
1101,940,81,3,2025-08-16T10:30:36.532457,Crypto
1102,546,486,1,2025-04-19T10:30:36.532461,Debit Card
1103,860,451,2,2023-10-11T10:30:36.532465,Credit Card
1104,784,164,4,2023-02-13T10:30:36.532469,Gift Card
1105,311,227,3,2025-05-22T10:30:36.532473,PayPal
1106,110,68,2,2025-09-28T10:30:36.532477,Crypto
1107,632,137,5,2024-03-23T10:30:36.532481,Crypto
1108,237,306,2,2025-03-02T10:30:36.532486,Credit Card
1109,368,41,4,2025-06-09T10:30:36.532490,Crypto
1110,867,310,4,2023-10-26T10:30:36.532494,Debit Card
1111,189,437,4,2024-06-08T10:30:36.532498,Gift Card
1112,141,84,2,2025-03-07T10:30:36.532502,Credit Card
1113,419,392,1,2023-03-22T10:30:36.532525,Debit Card
1114,974,212,2,2023-09-25T10:30:36.532533,PayPal
1115,776,105,1,2025-04-26T10:30:36.532538,Gift Card
1116,888,316,4,2023-11-20T10:30:36.532542,Debit Card
1117,888,235,2,2024-08-13T10:30:36.532546,Gift Card
1118,795,22,5,2023-10-03T10:30:36.532552,Gift Card
1119,738,161,4,2024-02-06T10:30:36.532556,Crypto
1120,609,275,5,2024-01-07T10:30:36.532560,Credit Card
1121,534,56,4,2024-07-14T10:30:36.532564,Credit Card
1122,899,126,5,2024-04-22T10:30:36.532568,Gift Card
1123,753,21,5,2024-09-23T10:30:36.532572,Crypto
1124,784,323,1,2025-04-13T10:30:36.532576,Debit Card
1125,451,204,3,2023-08-24T10:30:36.532580,Debit Card
1126,473,86,4,2024-12-27T10:30:36.532584,Crypto
1127,942,28,5,2023-04-13T10:30:36.532588,PayPal
1128,475,425,4,2025-07-24T10:30:36.532593,Crypto
1129,116,93,5,2023-03-09T10:30:36.532598,Crypto
1130,139,202,4,2024-11-27T10:30:36.532602,Gift Card
1131,26,92,4,2024-02-28T10:30:36.532606,PayPal
1132,904,233,1,2025-02-10T10:30:36.532611,Debit Card
1133,709,333,2,2023-10-20T10:30:36.532615,Credit Card
1134,94,59,4,2024-01-14T10:30:36.532620,Debit Card
1135,88,269,4,2023-10-11T10:30:36.532624,Crypto
1136,627,487,2,2024-10-02T10:30:36.532628,Crypto
1137,390,23,2,2023-04-04T10:30:36.532632,Debit Card
1138,580,447,2,2025-05-11T10:30:36.532636,PayPal
1139,184,394,1,2024-08-21T10:30:36.532640,Debit Card
1140,317,374,4,2025-01-02T10:30:36.532644,PayPal
1141,121,461,2,2023-02-14T10:30:36.532649,PayPal
1142,4,319,3,2025-10-12T10:30:36.532653,Gift Card
1143,510,438,4,2024-04-16T10:30:36.532657,Credit Card
1144,623,452,4,2025-02-23T10:30:36.532661,PayPal
1145,603,338,4,2024-07-17T10:30:36.532665,Gift Card
1146,453,41,5,2024-02-18T10:30:36.532669,Credit Card
1147,251,452,5,2025-01-13T10:30:36.532673,Crypto
1148,644,286,2,2025-09-04T10:30:36.532677,PayPal
1149,152,29,3,2025-09-17T10:30:36.532681,PayPal
1150,875,17,5,2023-06-19T10:30:36.532685,Crypto
1151,306,170,1,2025-09-04T10:30:36.532690,Credit Card
1152,427,92,2,2023-12-06T10:30:36.532695,Debit Card
1153,626,339,5,2024-03-17T10:30:36.532699,Crypto
1154,182,495,4,2023-09-18T10:30:36.532703,Crypto
1155,369,477,1,2025-07-21T10:30:36.532707,Debit Card
1156,331,189,4,2023-07-08T10:30:36.532711,Credit Card
1157,777,219,5,2025-08-19T10:30:36.532715,Debit Card
1158,483,69,1,2023-11-13T10:30:36.532719,Debit Card
1159,338,270,4,2024-05-05T10:30:36.532723,PayPal
1160,713,108,5,2025-08-26T10:30:36.532727,Credit Card
1161,586,374,5,2025-07-27T10:30:36.532731,Gift Card
1162,742,353,5,2023-03-13T10:30:36.532735,Debit Card
1163,438,312,3,2025-02-01T10:30:36.532740,Crypto
1164,589,320,3,2023-03-20T10:30:36.532744,PayPal
1165,630,289,4,2024-05-10T10:30:36.532748,Gift Card
1166,505,414,2,2023-05-04T10:30:36.532752,Crypto
1167,239,363,3,2025-04-09T10:30:36.532756,Credit Card
1168,122,13,4,2024-01-23T10:30:36.532761,Credit Card
1169,756,435,2,2023-07-29T10:30:36.532766,Crypto
1170,425,212,1,2024-11-17T10:30:36.532780,Debit Card
1171,574,413,2,2025-10-13T10:30:36.532790,PayPal
1172,707,145,3,2023-08-07T10:30:36.532795,Credit Card
1173,316,154,5,2024-04-09T10:30:36.532799,Debit Card
1174,786,4,1,2023-11-22T10:30:36.532803,Debit Card
1175,350,203,5,2024-02-02T10:30:36.532807,Credit Card
1176,853,90,2,2024-11-20T10:30:36.532811,Debit Card
1177,945,345,4,2023-03-31T10:30:36.532815,Gift Card
1178,817,19,2,2024-06-18T10:30:36.532819,PayPal
1179,643,236,5,2023-04-21T10:30:36.532823,Debit Card
1180,474,402,4,2023-03-19T10:30:36.532827,Credit Card
1181,856,267,3,2024-03-25T10:30:36.532831,Debit Card
1182,569,275,1,2025-03-25T10:30:36.532835,Crypto
1183,702,170,3,2025-08-18T10:30:36.532839,PayPal
1184,288,431,1,2024-11-11T10:30:36.532843,Gift Card
1185,642,274,2,2024-03-19T10:30:36.532847,Crypto
1186,399,96,5,2025-06-27T10:30:36.532851,Debit Card
1187,723,440,3,2023-10-29T10:30:36.532855,Credit Card
1188,279,212,1,2024-06-03T10:30:36.532859,PayPal
1189,381,232,3,2025-03-17T10:30:36.532863,Crypto
1190,310,90,1,2024-10-06T10:30:36.532867,Credit Card
1191,797,104,1,2024-07-27T10:30:36.532872,Crypto
1192,26,410,4,2023-04-12T10:30:36.532878,Crypto
1193,158,98,3,2023-03-24T10:30:36.532882,Gift Card
1194,751,448,5,2024-12-11T10:30:36.532886,Debit Card
1195,147,394,1,2023-07-06T10:30:36.532890,Crypto
1196,693,68,2,2023-10-14T10:30:36.532894,Credit Card
1197,471,199,5,2025-06-28T10:30:36.532898,Credit Card
1198,319,478,1,2023-11-21T10:30:36.532902,Crypto
1199,893,45,3,2024-07-03T10:30:36.532906,Credit Card
1200,106,267,3,2025-10-01T10:30:36.532910,Crypto
1201,777,160,2,2024-11-30T10:30:36.532914,PayPal
1202,198,147,3,2024-04-27T10:30:36.532918,Debit Card
1203,792,226,1,2025-01-18T10:30:36.532922,PayPal
1204,162,141,1,2025-10-09T10:30:36.532926,Crypto
1205,574,264,1,2025-03-27T10:30:36.532930,Crypto
1206,359,282,3,2025-01-20T10:30:36.532934,PayPal
1207,966,361,3,2024-03-16T10:30:36.532938,PayPal
1208,176,37,3,2024-02-05T10:30:36.532942,Debit Card
1209,554,228,1,2025-06-13T10:30:36.532946,Credit Card
1210,483,463,1,2025-07-08T10:30:36.532951,Gift Card
1211,56,45,4,2024-09-18T10:30:36.532955,PayPal
1212,722,306,5,2024-01-19T10:30:36.532959,Gift Card
1213,632,183,3,2024-11-18T10:30:36.532964,PayPal
1214,731,389,5,2025-08-05T10:30:36.532968,Gift Card
1215,582,68,1,2023-07-15T10:30:36.532972,Gift Card
1216,100,234,3,2023-11-24T10:30:36.532976,Gift Card
1217,482,119,2,2025-05-30T10:30:36.532982,Crypto
1218,265,468,3,2024-09-18T10:30:36.532986,PayPal
1219,717,470,3,2023-08-09T10:30:36.532990,Debit Card
1220,465,250,1,2025-08-19T10:30:36.532995,Gift Card
1221,116,180,4,2024-07-09T10:30:36.533000,PayPal
1222,290,394,3,2024-02-14T10:30:36.533004,Crypto
1223,131,261,1,2024-09-04T10:30:36.533008,Credit Card
1224,334,285,1,2023-08-05T10:30:36.533012,Debit Card
1225,546,237,4,2024-02-28T10:30:36.533016,Gift Card
1226,245,318,2,2024-04-11T10:30:36.533020,PayPal
1227,998,247,4,2025-08-18T10:30:36.533024,Debit Card
1228,214,417,5,2024-08-09T10:30:36.533028,Gift Card
1229,581,404,3,2024-04-15T10:30:36.533032,PayPal
1230,178,340,1,2023-09-28T10:30:36.533037,Crypto
1231,857,250,1,2024-02-26T10:30:36.533042,Crypto
1232,475,167,5,2025-07-17T10:30:36.533046,Gift Card
1233,181,158,4,2025-08-14T10:30:36.533050,Crypto
1234,112,351,5,2023-08-27T10:30:36.533054,Gift Card
1235,336,254,1,2025-07-24T10:30:36.533058,PayPal
1236,837,72,5,2023-04-14T10:30:36.533062,Credit Card
1237,776,76,2,2024-07-18T10:30:36.533066,Crypto
1238,299,200,5,2024-03-12T10:30:36.533070,Gift Card
1239,201,106,3,2024-12-22T10:30:36.533074,Crypto
1240,814,468,3,2023-03-29T10:30:36.533078,Gift Card
1241,736,469,3,2025-07-25T10:30:36.533082,Crypto
1242,9,314,5,2024-09-06T10:30:36.533086,PayPal
1243,873,151,1,2024-10-11T10:30:36.533090,Crypto
1244,992,28,1,2023-11-04T10:30:36.533094,Crypto
1245,841,184,1,2023-05-27T10:30:36.533098,Debit Card
1246,887,16,2,2024-08-08T10:30:36.533102,Crypto
1247,404,321,3,2023-10-27T10:30:36.533106,Gift Card
1248,416,196,4,2024-04-14T10:30:36.533110,PayPal
1249,679,89,4,2025-06-04T10:30:36.533115,PayPal
1250,569,197,3,2023-06-17T10:30:36.533119,Gift Card
1251,158,148,2,2025-06-09T10:30:36.533123,Credit Card
1252,74,332,1,2025-05-30T10:30:36.533127,Gift Card
1253,674,224,2,2025-07-30T10:30:36.533131,PayPal
1254,658,413,4,2023-05-28T10:30:36.533135,Gift Card
1255,916,404,5,2023-03-17T10:30:36.533139,Gift Card
1256,639,93,4,2024-05-21T10:30:36.533144,Gift Card
1257,566,420,4,2024-09-26T10:30:36.533148,Debit Card
1258,232,96,4,2024-02-13T10:30:36.533153,Credit Card
1259,592,256,2,2023-10-26T10:30:36.533157,Crypto
1260,276,211,5,2024-03-13T10:30:36.533161,Debit Card
1261,35,20,5,2024-06-17T10:30:36.533165,Debit Card
1262,116,298,4,2023-02-13T10:30:36.533169,Credit Card
1263,146,374,5,2023-05-29T10:30:36.533173,Debit Card
1264,477,265,1,2024-05-07T10:30:36.533177,Crypto
1265,91,126,4,2024-01-18T10:30:36.533181,Credit Card
1266,701,325,5,2023-07-30T10:30:36.533186,Crypto
1267,320,314,1,2023-04-13T10:30:36.533190,Debit Card
1268,548,399,1,2024-07-01T10:30:36.533194,Gift Card
1269,525,464,4,2024-03-16T10:30:36.533199,Debit Card
1270,432,181,3,2025-01-01T10:30:36.533203,PayPal
1271,37,356,5,2023-09-18T10:30:36.533207,Debit Card
1272,745,402,5,2025-01-31T10:30:36.533230,Credit Card
1273,645,243,5,2025-05-04T10:30:36.533238,Crypto
1274,53,337,3,2023-07-19T10:30:36.533243,Crypto
1275,28,147,4,2025-08-01T10:30:36.533247,PayPal
1276,518,40,3,2025-02-08T10:30:36.533251,PayPal
1277,631,144,3,2023-05-30T10:30:36.533255,Debit Card
1278,15,380,1,2024-02-14T10:30:36.533259,PayPal
1279,932,303,2,2023-12-20T10:30:36.533263,Gift Card
1280,379,414,2,2025-01-30T10:30:36.533267,PayPal
1281,497,93,5,2023-05-26T10:30:36.533271,Credit Card
1282,352,44,2,2024-02-23T10:30:36.533275,PayPal
1283,858,254,4,2023-08-28T10:30:36.533279,Gift Card
1284,244,339,4,2023-10-12T10:30:36.533283,PayPal
1285,216,296,3,2025-08-30T10:30:36.533287,Debit Card
1286,774,420,1,2025-09-01T10:30:36.533291,PayPal
1287,476,205,4,2024-12-20T10:30:36.533295,Gift Card
1288,765,486,5,2025-02-27T10:30:36.533300,Gift Card
1289,700,362,4,2024-06-26T10:30:36.533304,Debit Card
1290,149,272,4,2025-10-12T10:30:36.533308,Debit Card
1291,950,409,4,2024-09-28T10:30:36.533312,Debit Card
1292,985,272,1,2025-07-17T10:30:36.533316,Crypto
1293,653,182,4,2024-02-07T10:30:36.533320,Debit Card
1294,344,139,3,2023-07-26T10:30:36.533324,Credit Card
1295,262,336,5,2024-09-19T10:30:36.533328,Gift Card
1296,792,346,2,2023-10-04T10:30:36.533332,Crypto
1297,789,100,5,2024-11-13T10:30:36.533336,PayPal
1298,321,281,1,2023-12-06T10:30:36.533347,Credit Card
1299,852,35,1,2024-08-29T10:30:36.533351,Credit Card
1300,538,54,4,2024-10-30T10:30:36.533355,PayPal
1301,743,146,3,2025-04-10T10:30:36.533359,Credit Card
1302,25,318,1,2025-08-27T10:30:36.533363,Crypto
1303,673,458,2,2023-02-24T10:30:36.533367,Crypto
1304,654,63,1,2025-07-28T10:30:36.533371,Crypto
1305,134,193,5,2023-07-25T10:30:36.533375,PayPal
1306,918,57,2,2025-02-07T10:30:36.533379,Debit Card
1307,479,339,1,2024-01-09T10:30:36.533383,Gift Card
1308,945,142,4,2023-11-16T10:30:36.533388,Debit Card
1309,264,83,1,2025-01-14T10:30:36.533393,Credit Card
1310,392,199,3,2025-08-24T10:30:36.533397,Debit Card
1311,979,417,3,2025-04-25T10:30:36.533401,Gift Card
1312,72,252,2,2024-02-08T10:30:36.533405,Gift Card
1313,183,331,4,2025-07-05T10:30:36.533409,PayPal
1314,554,394,4,2025-03-15T10:30:36.533413,Crypto
1315,659,55,4,2023-10-23T10:30:36.533417,Debit Card
1316,106,18,1,2025-08-13T10:30:36.533421,Crypto
1317,746,129,4,2025-10-05T10:30:36.533425,Gift Card
1318,153,335,1,2023-03-14T10:30:36.533429,Credit Card
1319,681,200,3,2025-05-22T10:30:36.533433,Debit Card
1320,927,201,5,2025-10-21T10:30:36.533438,Crypto
1321,725,482,4,2024-06-22T10:30:36.533442,Gift Card
1322,414,433,1,2024-04-19T10:30:36.533448,PayPal
1323,4,197,4,2025-06-22T10:30:36.533452,Crypto
1324,549,479,3,2024-11-17T10:30:36.533456,Debit Card
1325,411,29,1,2024-10-15T10:30:36.533460,Crypto
1326,874,492,3,2025-08-03T10:30:36.533464,Gift Card
1327,779,393,3,2023-12-31T10:30:36.533469,PayPal
1328,181,284,1,2023-02-07T10:30:36.533473,Gift Card
1329,677,98,3,2023-11-12T10:30:36.533477,Gift Card
1330,918,55,3,2024-06-13T10:30:36.533481,Credit Card
1331,907,324,4,2023-10-03T10:30:36.533485,PayPal
1332,144,19,2,2025-09-29T10:30:36.533489,Crypto
1333,245,251,4,2025-08-21T10:30:36.533493,Crypto
1334,659,158,4,2024-04-26T10:30:36.533497,Gift Card
1335,990,9,1,2024-11-11T10:30:36.533501,Credit Card
1336,346,404,1,2024-09-04T10:30:36.533505,Credit Card
1337,217,414,5,2024-07-12T10:30:36.533509,Crypto
1338,153,380,5,2025-02-28T10:30:36.533513,Credit Card
1339,38,377,2,2024-06-11T10:30:36.533517,Credit Card
1340,483,465,5,2025-09-08T10:30:36.533521,PayPal
1341,719,333,2,2025-10-10T10:30:36.533525,PayPal
1342,648,26,3,2023-07-07T10:30:36.533529,Credit Card
1343,468,313,2,2023-06-22T10:30:36.533533,Crypto
1344,66,419,1,2025-06-30T10:30:36.533537,Gift Card
1345,610,410,5,2025-03-13T10:30:36.533541,Credit Card
1346,824,104,4,2024-11-13T10:30:36.533546,Gift Card
1347,333,62,5,2024-04-14T10:30:36.533552,PayPal
1348,330,429,2,2023-09-03T10:30:36.533556,Credit Card
1349,608,89,3,2025-08-21T10:30:36.533560,Credit Card
1350,281,73,4,2025-05-05T10:30:36.533564,Debit Card
1351,567,85,4,2025-02-17T10:30:36.533568,Crypto
1352,42,69,1,2023-08-06T10:30:36.533572,Crypto
1353,386,399,2,2025-10-08T10:30:36.533577,Gift Card
1354,83,4,1,2025-04-24T10:30:36.533581,Credit Card
1355,724,334,5,2023-04-30T10:30:36.533585,Debit Card
1356,427,356,4,2023-11-16T10:30:36.533589,PayPal
1357,212,74,3,2024-05-07T10:30:36.533593,Gift Card
1358,422,123,2,2024-02-07T10:30:36.533597,Credit Card
1359,611,93,4,2024-02-06T10:30:36.533602,Credit Card
1360,643,424,3,2024-11-02T10:30:36.533606,Gift Card
1361,5,286,2,2025-04-11T10:30:36.533610,Credit Card
1362,543,49,5,2024-10-19T10:30:36.533614,Crypto
1363,520,113,4,2023-08-28T10:30:36.533618,PayPal
1364,284,28,2,2025-07-01T10:30:36.533622,PayPal
1365,702,433,4,2024-06-02T10:30:36.533626,PayPal
1366,164,344,1,2025-08-30T10:30:36.533631,Debit Card
1367,292,108,4,2025-02-09T10:30:36.533636,Debit Card
1368,632,413,4,2025-09-10T10:30:36.533640,Credit Card
1369,759,27,5,2025-04-27T10:30:36.533644,PayPal
1370,805,15,4,2024-05-15T10:30:36.533648,Credit Card
1371,73,459,2,2023-10-17T10:30:36.533652,Gift Card
1372,607,297,3,2024-08-21T10:30:36.533656,PayPal
1373,766,347,3,2025-03-03T10:30:36.533662,Credit Card
1374,334,117,1,2025-02-24T10:30:36.533666,Gift Card
1375,891,103,4,2023-04-26T10:30:36.533670,PayPal
1376,76,242,5,2024-06-15T10:30:36.533674,Credit Card
1377,912,224,2,2025-03-17T10:30:36.533678,Crypto
1378,466,92,4,2024-10-07T10:30:36.533682,PayPal
1379,469,369,2,2024-01-16T10:30:36.533686,Debit Card
1380,999,139,2,2024-11-15T10:30:36.533690,PayPal
1381,33,355,5,2025-08-24T10:30:36.533694,Debit Card
1382,140,57,4,2024-07-12T10:30:36.533698,Gift Card
1383,176,390,3,2025-03-13T10:30:36.533703,Debit Card
1384,619,81,5,2023-04-11T10:30:36.533707,PayPal
1385,592,497,5,2023-06-02T10:30:36.533711,PayPal
1386,89,211,5,2024-06-11T10:30:36.533717,PayPal
1387,606,243,4,2025-01-12T10:30:36.533721,Credit Card
1388,748,220,2,2025-02-13T10:30:36.533725,Debit Card
1389,445,297,2,2023-04-25T10:30:36.533729,Crypto
1390,969,77,5,2023-04-19T10:30:36.533733,Credit Card
1391,428,23,1,2024-06-30T10:30:36.533737,Crypto
1392,35,218,5,2024-09-16T10:30:36.533741,Gift Card
1393,830,409,1,2024-07-18T10:30:36.533745,Gift Card
1394,247,43,5,2023-09-14T10:30:36.533749,Credit Card
1395,710,375,4,2023-02-25T10:30:36.533753,PayPal
1396,136,184,3,2025-02-22T10:30:36.533757,Credit Card
1397,17,246,3,2025-05-12T10:30:36.533761,Gift Card
1398,879,293,5,2025-09-30T10:30:36.533765,Gift Card
1399,475,396,2,2023-05-13T10:30:36.533769,Gift Card
1400,190,405,3,2024-01-22T10:30:36.533774,Gift Card
1401,721,325,1,2023-05-27T10:30:36.533778,Credit Card
1402,395,458,3,2024-04-29T10:30:36.533782,Credit Card
1403,304,219,3,2023-11-10T10:30:36.533786,Crypto
1404,556,295,2,2023-08-10T10:30:36.533790,Credit Card
1405,636,451,3,2023-10-02T10:30:36.533795,Credit Card
1406,528,485,3,2023-04-29T10:30:36.533799,Credit Card
1407,114,197,3,2024-07-05T10:30:36.533804,Crypto
1408,42,188,3,2025-04-28T10:30:36.533808,Crypto
1409,722,35,5,2023-10-29T10:30:36.533812,PayPal
1410,142,172,2,2024-04-20T10:30:36.533816,Credit Card
1411,665,245,5,2023-05-16T10:30:36.533820,PayPal
1412,772,382,2,2024-11-30T10:30:36.533824,Debit Card
1413,920,137,5,2023-11-28T10:30:36.533828,Gift Card
1414,284,28,1,2024-10-08T10:30:36.533832,Debit Card
1415,464,249,5,2024-05-03T10:30:36.533836,Credit Card
1416,482,364,5,2023-11-30T10:30:36.533840,Crypto
1417,922,150,4,2024-01-28T10:30:36.533844,Debit Card
1418,820,345,1,2025-04-15T10:30:36.533848,Gift Card
1419,90,42,4,2023-04-19T10:30:36.533852,PayPal
1420,296,491,1,2025-07-05T10:30:36.533856,PayPal
1421,283,58,2,2024-06-03T10:30:36.533860,PayPal
1422,896,105,5,2023-02-23T10:30:36.533864,Credit Card
1423,301,214,5,2023-03-15T10:30:36.533868,PayPal
1424,486,178,4,2024-07-27T10:30:36.533873,Credit Card
1425,299,97,1,2025-10-02T10:30:36.533879,PayPal
1426,855,486,5,2024-01-03T10:30:36.533883,Debit Card
1427,422,297,3,2023-12-23T10:30:36.533887,Debit Card
1428,498,304,5,2023-06-15T10:30:36.533891,Crypto
1429,456,235,3,2024-03-23T10:30:36.533895,PayPal
1430,920,405,3,2025-05-02T10:30:36.533899,Debit Card
1431,233,248,3,2023-02-03T10:30:36.533903,Debit Card
1432,789,433,1,2025-05-26T10:30:36.533907,Debit Card
1433,292,234,2,2024-01-30T10:30:36.533911,PayPal
1434,729,275,3,2025-04-21T10:30:36.533915,PayPal
1435,860,363,2,2025-05-12T10:30:36.533919,PayPal
1436,120,22,3,2024-03-15T10:30:36.533923,PayPal
1437,452,134,3,2025-04-19T10:30:36.533927,PayPal
1438,576,363,1,2023-12-13T10:30:36.533931,Debit Card
1439,353,76,3,2024-07-22T10:30:36.533935,Crypto
1440,999,84,5,2024-12-20T10:30:36.533938,Credit Card
1441,943,13,4,2023-03-16T10:30:36.533942,Gift Card
1442,787,75,4,2023-03-19T10:30:36.533946,Debit Card
1443,160,3,5,2023-01-29T10:30:36.533950,Crypto
1444,340,332,3,2024-06-26T10:30:36.533956,Debit Card
1445,993,484,5,2023-12-12T10:30:36.533960,PayPal
1446,819,290,4,2024-11-12T10:30:36.533964,Credit Card
1447,750,246,1,2025-06-04T10:30:36.533991,Crypto
1448,120,158,1,2024-09-08T10:30:36.533996,Crypto
1449,862,113,4,2024-10-24T10:30:36.534000,Credit Card
1450,335,29,5,2024-01-07T10:30:36.534004,PayPal
1451,598,270,2,2023-08-16T10:30:36.534008,Debit Card
1452,201,12,1,2024-04-21T10:30:36.534012,Gift Card
1453,694,344,1,2023-01-29T10:30:36.534016,Crypto
1454,404,100,4,2024-12-03T10:30:36.534020,Crypto
1455,620,262,1,2023-04-08T10:30:36.534024,Debit Card
1456,408,76,4,2024-10-11T10:30:36.534028,Gift Card
1457,382,7,3,2024-11-05T10:30:36.534032,Debit Card
1458,316,229,5,2025-07-27T10:30:36.534036,PayPal
1459,746,455,4,2023-09-26T10:30:36.534040,Gift Card
1460,823,227,3,2025-05-10T10:30:36.534044,Gift Card
1461,747,459,4,2025-06-04T10:30:36.534048,Crypto
1462,613,45,2,2025-03-26T10:30:36.534052,Debit Card
1463,487,445,5,2024-11-15T10:30:36.534056,Credit Card
1464,956,492,5,2023-09-11T10:30:36.534061,Gift Card
1465,91,4,4,2024-01-09T10:30:36.534066,Debit Card
1466,425,90,5,2024-07-08T10:30:36.534070,Crypto
1467,774,469,2,2025-04-03T10:30:36.534074,PayPal
1468,853,196,3,2024-04-05T10:30:36.534078,Gift Card
1469,44,422,3,2023-06-23T10:30:36.534082,Crypto
1470,312,253,5,2023-09-28T10:30:36.534086,Gift Card
1471,230,14,1,2025-05-20T10:30:36.534090,Debit Card
1472,308,490,4,2025-06-19T10:30:36.534094,Debit Card
1473,428,92,4,2023-04-10T10:30:36.534098,PayPal
1474,30,62,3,2024-06-07T10:30:36.534103,Credit Card
1475,614,382,3,2024-03-08T10:30:36.534108,Gift Card
1476,580,224,3,2024-01-20T10:30:36.534113,Gift Card
1477,998,356,1,2024-10-07T10:30:36.534117,Crypto
1478,751,295,1,2023-06-12T10:30:36.534121,Debit Card
1479,167,298,1,2025-05-28T10:30:36.534125,Debit Card
1480,473,450,2,2024-10-24T10:30:36.534129,PayPal
1481,55,140,3,2024-08-21T10:30:36.534134,Debit Card
1482,50,149,3,2024-04-30T10:30:36.534138,Credit Card
1483,527,100,2,2023-09-02T10:30:36.534143,Credit Card
1484,614,386,2,2024-04-16T10:30:36.534147,Debit Card
1485,894,162,3,2025-01-20T10:30:36.534151,Debit Card
1486,99,274,5,2024-10-29T10:30:36.534155,PayPal
1487,14,71,5,2025-01-09T10:30:36.534159,Debit Card
1488,798,249,4,2024-11-10T10:30:36.534163,PayPal
1489,105,112,2,2024-05-27T10:30:36.534168,PayPal
1490,852,97,5,2024-02-04T10:30:36.534172,Crypto
1491,867,273,5,2023-11-05T10:30:36.534176,Credit Card
1492,428,236,1,2025-06-27T10:30:36.534180,PayPal
1493,946,9,4,2024-11-02T10:30:36.534184,Debit Card
1494,708,186,2,2023-07-11T10:30:36.534188,Gift Card
1495,912,306,5,2023-09-04T10:30:36.534192,Debit Card
1496,177,364,3,2025-09-25T10:30:36.534196,Credit Card
1497,228,66,2,2023-11-20T10:30:36.534200,PayPal
1498,315,65,2,2025-06-13T10:30:36.534204,Credit Card
1499,436,354,1,2025-08-06T10:30:36.534208,Credit Card
1500,794,248,4,2025-09-11T10:30:36.534212,PayPal
1501,111,17,5,2024-02-25T10:30:36.534216,Credit Card
1502,481,61,3,2025-09-10T10:30:36.534220,Credit Card
1503,309,342,1,2023-09-13T10:30:36.534225,Credit Card
1504,802,64,5,2025-03-28T10:30:36.534229,Crypto
1505,923,103,2,2023-12-08T10:30:36.534233,Debit Card
1506,30,47,2,2023-06-11T10:30:36.534237,Debit Card
1507,972,297,3,2024-10-29T10:30:36.534241,PayPal
1508,876,257,5,2025-02-19T10:30:36.534245,Crypto
1509,584,35,1,2023-07-08T10:30:36.534249,Crypto
1510,782,8,5,2025-03-16T10:30:36.534253,PayPal
1511,988,145,2,2023-04-15T10:30:36.534258,Crypto
1512,5,499,1,2023-03-23T10:30:36.534262,PayPal
1513,943,259,4,2024-10-14T10:30:36.534266,Crypto
1514,190,226,1,2025-04-22T10:30:36.534270,Debit Card
1515,389,218,2,2024-05-16T10:30:36.534274,PayPal
1516,418,58,3,2025-06-20T10:30:36.534278,Gift Card
1517,113,267,2,2024-06-04T10:30:36.534282,Debit Card
1518,722,148,5,2023-10-16T10:30:36.534286,Credit Card
1519,85,168,4,2025-06-28T10:30:36.534290,Gift Card
1520,291,234,5,2023-10-02T10:30:36.534294,Debit Card
1521,704,500,4,2025-03-07T10:30:36.534298,Crypto
1522,418,149,4,2025-04-14T10:30:36.534303,Credit Card
1523,917,431,4,2023-03-08T10:30:36.534307,Debit Card
1524,184,7,4,2023-12-06T10:30:36.534311,Credit Card
1525,406,225,5,2023-12-20T10:30:36.534315,Credit Card
1526,123,74,4,2024-09-09T10:30:36.534321,Crypto
1527,105,380,2,2025-08-19T10:30:36.534325,Debit Card
1528,999,102,3,2025-04-02T10:30:36.534329,Crypto
1529,865,207,1,2025-02-28T10:30:36.534333,Gift Card
1530,743,256,3,2023-09-02T10:30:36.534337,Crypto
1531,608,140,4,2024-10-25T10:30:36.534341,Gift Card
1532,683,309,4,2024-06-15T10:30:36.534345,Crypto
1533,286,76,4,2025-07-06T10:30:36.534349,Credit Card
1534,257,251,4,2025-03-02T10:30:36.534353,PayPal
1535,31,51,1,2023-06-27T10:30:36.534357,Credit Card
1536,511,348,1,2023-02-02T10:30:36.534361,PayPal
1537,392,310,3,2025-05-21T10:30:36.534365,Debit Card
1538,637,320,1,2023-09-07T10:30:36.534369,Credit Card
1539,677,385,5,2023-08-31T10:30:36.534373,Gift Card
1540,812,239,2,2024-12-28T10:30:36.534377,Gift Card
1541,503,259,3,2024-04-17T10:30:36.534381,Debit Card
1542,829,441,5,2024-04-13T10:30:36.534387,Credit Card
1543,976,392,1,2024-08-10T10:30:36.534391,Credit Card
1544,393,231,3,2023-06-04T10:30:36.534395,Gift Card
1545,454,236,1,2025-09-21T10:30:36.534399,PayPal
1546,571,338,3,2023-05-03T10:30:36.534403,PayPal
1547,504,221,2,2024-12-09T10:30:36.534407,Gift Card
1548,500,392,1,2024-03-21T10:30:36.534411,Gift Card
1549,676,284,5,2024-03-18T10:30:36.534415,Gift Card
1550,488,288,2,2024-05-24T10:30:36.534419,Credit Card
1551,401,135,4,2024-02-27T10:30:36.534423,Gift Card
1552,632,347,3,2023-09-01T10:30:36.534427,Debit Card
1553,329,32,1,2024-02-28T10:30:36.534430,Credit Card
1554,132,429,3,2024-11-01T10:30:36.534434,Crypto
1555,28,392,3,2024-09-30T10:30:36.534438,Credit Card
1556,439,177,3,2024-08-29T10:30:36.534443,Debit Card
1557,58,339,2,2025-02-13T10:30:36.534447,PayPal
1558,664,160,5,2025-07-30T10:30:36.534451,Credit Card
1559,890,157,1,2024-11-13T10:30:36.534455,PayPal
1560,21,276,3,2025-09-16T10:30:36.534459,Gift Card
1561,674,443,4,2024-03-22T10:30:36.534464,Crypto
1562,924,216,3,2025-10-04T10:30:36.534468,Gift Card
1563,603,12,3,2024-10-03T10:30:36.534472,Crypto
1564,400,166,5,2025-07-16T10:30:36.534476,Gift Card
1565,103,354,2,2024-11-14T10:30:36.534481,Gift Card
1566,515,416,3,2025-05-07T10:30:36.534485,Crypto
1567,307,187,4,2025-04-01T10:30:36.534489,Gift Card
1568,651,434,1,2023-06-17T10:30:36.534492,Crypto
1569,220,148,3,2025-09-06T10:30:36.534496,Debit Card
1570,588,206,2,2024-01-24T10:30:36.534501,Credit Card
1571,735,433,5,2025-07-19T10:30:36.534505,Crypto
1572,345,140,1,2024-03-23T10:30:36.534508,Crypto
1573,487,219,2,2024-11-03T10:30:36.534512,Credit Card
1574,668,422,3,2024-05-26T10:30:36.534516,Debit Card
1575,444,340,5,2024-12-08T10:30:36.534522,PayPal
1576,425,206,3,2024-01-24T10:30:36.534525,Crypto
1577,465,344,5,2025-04-23T10:30:36.534532,Credit Card
1578,643,361,5,2023-05-25T10:30:36.534536,PayPal
1579,591,256,2,2023-12-18T10:30:36.534540,Gift Card
1580,275,480,5,2023-07-19T10:30:36.534544,Crypto
1581,874,394,4,2023-03-12T10:30:36.534549,Crypto
1582,745,321,1,2024-05-08T10:30:36.534553,PayPal
1583,374,237,2,2025-02-20T10:30:36.534557,PayPal
1584,765,351,3,2023-06-13T10:30:36.534561,Gift Card
1585,421,164,1,2024-01-14T10:30:36.534565,PayPal
1586,867,212,3,2023-07-04T10:30:36.534569,Debit Card
1587,662,83,3,2023-11-21T10:30:36.534573,Crypto
1588,242,208,2,2025-06-30T10:30:36.534577,PayPal
1589,197,15,2,2023-07-31T10:30:36.534581,Debit Card
1590,476,249,5,2024-08-04T10:30:36.534585,Gift Card
1591,663,464,1,2025-04-01T10:30:36.534589,PayPal
1592,280,70,1,2025-02-02T10:30:36.534592,Debit Card
1593,675,282,2,2024-01-04T10:30:36.534596,Credit Card
1594,987,370,4,2023-08-15T10:30:36.534600,Credit Card
1595,57,441,1,2024-12-07T10:30:36.534605,Crypto
1596,306,444,1,2023-04-16T10:30:36.534609,Gift Card
1597,919,187,1,2024-09-13T10:30:36.534613,PayPal
1598,242,58,5,2023-10-03T10:30:36.534617,Crypto
1599,956,62,5,2023-12-14T10:30:36.534620,Crypto
1600,973,397,5,2025-02-09T10:30:36.534626,Gift Card
1601,906,47,2,2024-02-18T10:30:36.534631,Credit Card
1602,792,414,3,2024-11-21T10:30:36.534635,Crypto
1603,755,200,2,2023-03-12T10:30:36.534640,Gift Card
1604,224,74,1,2025-04-28T10:30:36.534644,PayPal
1605,994,141,4,2024-09-01T10:30:36.534648,Debit Card
1606,884,302,1,2024-06-09T10:30:36.534652,Crypto
1607,384,359,1,2024-12-04T10:30:36.534656,Crypto
1608,434,244,2,2023-02-11T10:30:36.534660,Debit Card
1609,901,402,2,2024-10-18T10:30:36.534664,Gift Card
1610,733,189,3,2025-10-03T10:30:36.534668,Crypto
1611,36,431,1,2023-11-17T10:30:36.534672,PayPal
1612,260,283,4,2024-12-12T10:30:36.534677,Debit Card
1613,925,416,1,2024-04-25T10:30:36.534681,PayPal
1614,879,227,4,2025-10-16T10:30:36.534685,Gift Card
1615,950,470,3,2024-12-20T10:30:36.534689,Credit Card
1616,959,422,2,2024-12-24T10:30:36.534693,PayPal
1617,881,456,2,2023-04-01T10:30:36.534697,Gift Card
1618,647,163,4,2023-08-08T10:30:36.534701,Credit Card
1619,281,444,1,2023-07-05T10:30:36.534705,Gift Card
1620,483,378,4,2023-03-21T10:30:36.534728,Debit Card
1621,735,217,1,2023-07-03T10:30:36.534736,PayPal
1622,716,134,5,2025-08-18T10:30:36.534740,Debit Card
1623,431,309,5,2023-09-30T10:30:36.534745,Debit Card
1624,465,356,1,2023-09-05T10:30:36.534749,Credit Card
1625,657,329,2,2024-01-18T10:30:36.534753,Gift Card
1626,811,329,2,2025-10-21T10:30:36.534757,Gift Card
1627,205,322,3,2024-12-07T10:30:36.534761,Crypto
1628,85,57,2,2025-02-11T10:30:36.534766,Crypto
1629,731,497,2,2023-06-10T10:30:36.534770,Crypto
1630,703,211,3,2024-07-19T10:30:36.534785,Gift Card
1631,895,377,2,2025-01-31T10:30:36.534793,PayPal
1632,704,304,3,2023-07-29T10:30:36.534797,Debit Card
1633,204,44,4,2024-10-13T10:30:36.534801,PayPal
1634,403,449,4,2023-03-02T10:30:36.534806,Crypto
1635,230,11,1,2023-03-24T10:30:36.534810,Crypto
1636,663,314,2,2023-04-10T10:30:36.534813,Credit Card
1637,998,237,2,2025-01-29T10:30:36.534817,PayPal
1638,51,206,5,2024-08-11T10:30:36.534823,Crypto
1639,267,77,1,2023-02-16T10:30:36.534829,Debit Card
1640,175,485,5,2025-06-26T10:30:36.534833,Credit Card
1641,736,270,4,2023-08-25T10:30:36.534837,Gift Card
1642,848,345,4,2025-06-25T10:30:36.534841,PayPal
1643,731,105,2,2023-03-01T10:30:36.534845,Debit Card
1644,295,383,4,2024-09-28T10:30:36.534849,PayPal
1645,442,439,2,2024-02-18T10:30:36.534853,PayPal
1646,844,145,2,2024-08-22T10:30:36.534857,PayPal
1647,419,406,2,2025-09-25T10:30:36.534861,Debit Card
1648,1000,135,2,2024-01-31T10:30:36.534865,Gift Card
1649,930,128,3,2024-03-07T10:30:36.534869,Gift Card
1650,88,6,4,2025-06-10T10:30:36.534873,Debit Card
1651,998,355,4,2023-11-21T10:30:36.534877,PayPal
1652,731,197,4,2023-10-02T10:30:36.534881,Crypto
1653,263,38,1,2024-04-02T10:30:36.534885,Credit Card
1654,54,171,2,2024-06-29T10:30:36.534889,Debit Card
1655,621,481,5,2023-10-29T10:30:36.534894,Credit Card
1656,6,130,5,2024-01-29T10:30:36.534898,Gift Card
1657,310,203,3,2025-06-11T10:30:36.534902,Crypto
1658,43,298,2,2025-01-31T10:30:36.534906,PayPal
1659,516,253,3,2023-05-10T10:30:36.534911,Gift Card
1660,136,46,3,2023-10-28T10:30:36.534916,Crypto
1661,444,73,3,2025-06-27T10:30:36.534920,Debit Card
1662,46,66,4,2023-05-16T10:30:36.534923,Debit Card
1663,766,185,4,2025-01-08T10:30:36.534928,Debit Card
1664,628,425,3,2024-05-13T10:30:36.534932,Debit Card
1665,447,458,2,2024-12-05T10:30:36.534936,Gift Card
1666,783,487,2,2024-04-03T10:30:36.534940,Gift Card
1667,55,97,2,2025-08-30T10:30:36.534944,PayPal
1668,188,19,4,2025-01-31T10:30:36.534948,PayPal
1669,723,240,4,2025-06-28T10:30:36.534952,Gift Card
1670,42,227,3,2023-10-29T10:30:36.534956,Crypto
1671,497,235,4,2025-07-01T10:30:36.534960,PayPal
1672,127,179,1,2025-03-30T10:30:36.534964,Debit Card
1673,185,428,2,2023-09-18T10:30:36.534968,Crypto
1674,843,140,5,2023-04-26T10:30:36.534972,Crypto
1675,218,299,1,2024-05-04T10:30:36.534976,Crypto
1676,185,214,1,2025-02-14T10:30:36.534980,Gift Card
1677,694,49,3,2025-09-28T10:30:36.534984,Debit Card
1678,698,349,1,2024-09-16T10:30:36.534989,Debit Card
1679,605,476,1,2023-06-20T10:30:36.534993,Debit Card
1680,158,15,1,2024-07-10T10:30:36.534999,Gift Card
1681,465,322,3,2024-02-24T10:30:36.535003,Credit Card
1682,338,497,1,2023-12-23T10:30:36.535007,Crypto
1683,974,232,3,2023-02-27T10:30:36.535011,Crypto
1684,133,109,1,2023-07-27T10:30:36.535015,Debit Card
1685,331,409,1,2023-09-24T10:30:36.535019,Credit Card
1686,561,488,5,2024-09-29T10:30:36.535023,Credit Card
1687,409,131,2,2025-02-21T10:30:36.535028,Gift Card
1688,92,11,2,2025-05-11T10:30:36.535032,Gift Card
1689,799,207,3,2024-01-01T10:30:36.535036,PayPal
1690,124,153,4,2023-07-27T10:30:36.535040,Gift Card
1691,754,413,3,2023-04-13T10:30:36.535044,Crypto
1692,135,184,1,2023-06-25T10:30:36.535048,Debit Card
1693,525,103,4,2024-07-25T10:30:36.535052,Gift Card
1694,488,138,5,2024-02-18T10:30:36.535056,Gift Card
1695,93,388,4,2023-07-17T10:30:36.535060,Debit Card
1696,629,96,4,2024-01-18T10:30:36.535064,Gift Card
1697,96,21,5,2024-11-09T10:30:36.535068,Gift Card
1698,693,115,2,2023-03-16T10:30:36.535074,Gift Card
1699,540,323,5,2025-07-31T10:30:36.535078,Debit Card
1700,480,224,1,2023-04-10T10:30:36.535082,Gift Card
1701,308,77,2,2023-11-24T10:30:36.535086,Debit Card
1702,862,128,5,2024-08-13T10:30:36.535091,Debit Card
1703,583,25,5,2025-08-07T10:30:36.535095,Credit Card
1704,526,56,5,2024-08-15T10:30:36.535099,Gift Card
1705,97,238,5,2023-07-15T10:30:36.535103,Debit Card
1706,364,131,5,2025-08-02T10:30:36.535107,Crypto
1707,17,59,4,2025-04-24T10:30:36.535111,PayPal
1708,864,202,1,2025-07-31T10:30:36.535115,Gift Card
1709,898,361,3,2024-12-07T10:30:36.535119,Crypto
1710,742,233,4,2024-01-25T10:30:36.535123,Debit Card
1711,350,495,2,2025-03-22T10:30:36.535127,PayPal
1712,81,383,5,2025-02-01T10:30:36.535131,Credit Card
1713,445,274,1,2025-10-19T10:30:36.535135,Gift Card
1714,120,7,2,2023-12-23T10:30:36.535139,Gift Card
1715,472,355,4,2023-05-19T10:30:36.535143,Crypto
1716,744,250,3,2024-01-30T10:30:36.535147,Crypto
1717,370,354,4,2023-07-24T10:30:36.535152,Debit Card
1718,90,65,2,2025-10-10T10:30:36.535156,PayPal
1719,115,418,1,2023-11-12T10:30:36.535160,PayPal
1720,880,14,2,2024-06-19T10:30:36.535164,PayPal
1721,666,124,4,2023-06-15T10:30:36.535168,Crypto
1722,196,45,3,2023-08-28T10:30:36.535172,Gift Card
1723,152,243,4,2025-10-02T10:30:36.535176,Credit Card
1724,171,463,2,2023-09-29T10:30:36.535180,Gift Card
1725,987,249,4,2025-10-04T10:30:36.535184,Gift Card
1726,600,125,2,2024-12-27T10:30:36.535187,Crypto
1727,850,427,4,2025-09-02T10:30:36.535193,Debit Card
1728,9,53,4,2024-08-25T10:30:36.535197,Gift Card
1729,755,297,5,2023-10-07T10:30:36.535201,Crypto
1730,298,19,4,2024-09-10T10:30:36.535214,Gift Card
1731,526,303,5,2023-03-12T10:30:36.535221,Gift Card
1732,238,366,1,2024-05-02T10:30:36.535226,Credit Card
1733,433,296,3,2024-04-06T10:30:36.535230,Credit Card
1734,275,458,4,2023-04-28T10:30:36.535234,Gift Card
1735,120,254,5,2023-03-08T10:30:36.535238,Debit Card
1736,460,358,4,2025-10-03T10:30:36.535242,PayPal
1737,295,372,2,2024-07-01T10:30:36.535247,Debit Card
1738,449,119,5,2025-03-14T10:30:36.535252,Crypto
1739,931,351,3,2023-03-26T10:30:36.535256,Crypto
1740,874,432,4,2025-06-12T10:30:36.535260,Debit Card
1741,741,365,4,2023-02-15T10:30:36.535264,Gift Card
1742,854,482,3,2023-08-01T10:30:36.535268,Gift Card
1743,819,498,2,2024-01-27T10:30:36.535272,PayPal
1744,290,354,1,2023-12-11T10:30:36.535276,Gift Card
1745,133,89,2,2025-05-17T10:30:36.535280,Crypto
1746,504,52,4,2023-03-04T10:30:36.535284,Gift Card
1747,311,121,2,2024-04-02T10:30:36.535288,Credit Card
1748,19,184,3,2024-10-24T10:30:36.535292,PayPal
1749,179,424,5,2025-09-22T10:30:36.535296,Credit Card
1750,346,221,1,2024-01-31T10:30:36.535300,PayPal
1751,124,288,2,2024-06-13T10:30:36.535304,Debit Card
1752,349,402,3,2023-08-29T10:30:36.535309,Credit Card
1753,789,450,5,2025-01-24T10:30:36.535312,PayPal
1754,874,354,5,2024-02-14T10:30:36.535317,Credit Card
1755,724,26,4,2023-07-29T10:30:36.535321,Gift Card
1756,986,431,1,2023-01-30T10:30:36.535326,Credit Card
1757,801,313,5,2023-08-16T10:30:36.535330,Credit Card
1758,844,288,1,2024-05-23T10:30:36.535334,Credit Card
1759,172,323,1,2023-05-17T10:30:36.535338,PayPal
1760,933,186,2,2023-10-10T10:30:36.535342,Debit Card
1761,726,227,5,2024-06-01T10:30:36.535346,Credit Card
1762,158,332,3,2024-11-16T10:30:36.535352,PayPal
1763,126,435,2,2024-08-01T10:30:36.535356,Gift Card
1764,788,394,1,2025-02-15T10:30:36.535360,Gift Card
1765,350,147,5,2025-05-02T10:30:36.535365,Credit Card
1766,273,191,4,2024-10-20T10:30:36.535371,PayPal
1767,156,386,5,2024-08-19T10:30:36.535375,PayPal
1768,142,411,4,2024-08-27T10:30:36.535380,Gift Card
1769,920,235,5,2023-08-03T10:30:36.535384,Debit Card
1770,967,16,4,2025-05-28T10:30:36.535388,Credit Card
1771,735,413,5,2023-03-03T10:30:36.535392,Credit Card
1772,87,174,3,2024-09-08T10:30:36.535396,PayPal
1773,445,32,4,2023-09-08T10:30:36.535400,Credit Card
1774,677,473,2,2023-04-14T10:30:36.535405,Crypto
1775,60,324,5,2023-02-01T10:30:36.535409,Debit Card
1776,430,206,5,2023-05-14T10:30:36.535414,Debit Card
1777,739,381,3,2023-04-07T10:30:36.535419,Debit Card
1778,9,424,3,2023-04-17T10:30:36.535423,Crypto
1779,626,472,2,2023-11-07T10:30:36.535427,Gift Card
1780,457,330,2,2023-04-30T10:30:36.535431,Crypto
1781,640,404,5,2023-12-27T10:30:36.535455,Gift Card
1782,715,177,4,2023-08-22T10:30:36.535463,PayPal
1783,903,155,1,2025-09-17T10:30:36.535468,Crypto
1784,343,200,2,2024-05-10T10:30:36.535472,Crypto
1785,291,110,1,2024-05-19T10:30:36.535476,Crypto
1786,320,267,3,2023-09-10T10:30:36.535480,PayPal
1787,24,15,5,2024-02-26T10:30:36.535484,Debit Card
1788,248,427,3,2023-10-12T10:30:36.535489,Gift Card
1789,518,57,1,2023-06-16T10:30:36.535493,Debit Card
1790,266,322,5,2024-10-27T10:30:36.535497,Credit Card
1791,49,388,1,2024-07-22T10:30:36.535502,Debit Card
1792,587,378,1,2024-07-17T10:30:36.535506,Debit Card
1793,242,413,5,2024-03-24T10:30:36.535510,Crypto
1794,865,305,2,2024-10-31T10:30:36.535514,Debit Card
1795,292,342,5,2023-12-06T10:30:36.535520,PayPal
1796,732,194,5,2023-09-30T10:30:36.535524,PayPal
1797,108,168,5,2024-03-07T10:30:36.535529,PayPal
1798,843,399,3,2024-07-16T10:30:36.535533,Credit Card
1799,151,365,4,2023-06-29T10:30:36.535537,Gift Card
1800,84,48,1,2024-08-15T10:30:36.535541,PayPal
1801,488,110,4,2025-08-06T10:30:36.535545,Debit Card
1802,694,270,4,2024-03-01T10:30:36.535549,Crypto
1803,532,399,4,2023-05-16T10:30:36.535553,Debit Card
1804,599,256,4,2024-07-31T10:30:36.535557,Gift Card
1805,750,499,4,2023-07-04T10:30:36.535561,PayPal
1806,148,259,2,2024-06-15T10:30:36.535565,Gift Card
1807,133,496,5,2023-05-25T10:30:36.535569,Crypto
1808,121,356,2,2024-07-15T10:30:36.535573,Gift Card
1809,34,383,2,2023-03-03T10:30:36.535577,Crypto
1810,379,472,1,2024-02-16T10:30:36.535581,Gift Card
1811,113,62,3,2024-03-18T10:30:36.535585,Debit Card
1812,42,268,2,2025-06-26T10:30:36.535590,Debit Card
1813,313,192,3,2024-12-27T10:30:36.535594,Gift Card
1814,29,406,2,2025-06-01T10:30:36.535598,Crypto
1815,432,25,3,2023-04-28T10:30:36.535603,Debit Card
1816,221,94,4,2025-10-22T10:30:36.535608,Credit Card
1817,561,179,1,2023-05-17T10:30:36.535612,Credit Card
1818,428,247,5,2024-12-11T10:30:36.535616,Crypto
1819,464,461,3,2023-08-16T10:30:36.535620,Gift Card
1820,487,428,5,2025-06-11T10:30:36.535624,PayPal
1821,517,326,4,2023-09-06T10:30:36.535628,Gift Card
1822,684,230,2,2023-05-21T10:30:36.535632,Debit Card
1823,92,410,5,2023-12-14T10:30:36.535636,Crypto
1824,420,199,2,2023-04-17T10:30:36.535640,Gift Card
1825,348,277,1,2023-02-16T10:30:36.535644,Gift Card
1826,754,143,1,2023-05-22T10:30:36.535649,PayPal
1827,725,13,5,2024-01-18T10:30:36.535653,Debit Card
1828,575,331,1,2024-01-04T10:30:36.535657,Crypto
1829,88,99,5,2024-04-18T10:30:36.535661,Crypto
1830,776,28,5,2024-05-08T10:30:36.535667,PayPal
1831,769,244,5,2023-04-20T10:30:36.535671,Credit Card
1832,124,338,5,2025-04-23T10:30:36.535676,Credit Card
1833,282,403,2,2025-02-15T10:30:36.535680,Crypto
1834,455,44,5,2024-02-11T10:30:36.535685,Debit Card
1835,412,302,1,2024-06-08T10:30:36.535690,Credit Card
1836,349,224,2,2024-08-26T10:30:36.535694,Credit Card
1837,881,271,3,2024-09-28T10:30:36.535698,Debit Card
1838,94,59,1,2024-04-18T10:30:36.535702,PayPal
1839,293,74,2,2025-02-05T10:30:36.535706,Credit Card
1840,158,158,4,2023-11-30T10:30:36.535710,PayPal
1841,61,315,3,2025-04-22T10:30:36.535714,Credit Card
1842,731,30,3,2024-09-20T10:30:36.535718,Credit Card
1843,328,73,4,2023-04-24T10:30:36.535722,Debit Card
1844,265,193,1,2025-09-01T10:30:36.535726,PayPal
1845,246,386,5,2024-03-03T10:30:36.535730,PayPal
1846,505,261,5,2024-09-25T10:30:36.535734,Credit Card
1847,276,32,3,2024-07-06T10:30:36.535738,Crypto
1848,417,34,4,2025-09-25T10:30:36.535742,Gift Card
1849,649,120,1,2025-01-22T10:30:36.535746,Crypto
1850,987,301,1,2025-02-14T10:30:36.535750,Crypto
1851,668,403,2,2024-12-17T10:30:36.535754,Crypto
1852,417,229,1,2023-06-11T10:30:36.535758,Crypto
1853,209,401,2,2024-10-07T10:30:36.535762,Crypto
1854,173,401,2,2024-04-22T10:30:36.535768,Gift Card
1855,985,467,5,2024-07-19T10:30:36.535774,Credit Card
1856,2,417,4,2023-02-13T10:30:36.535778,Crypto
1857,297,335,2,2025-10-24T10:30:36.535783,Credit Card
1858,956,472,4,2025-01-18T10:30:36.535787,Crypto
1859,257,430,4,2024-10-30T10:30:36.535791,PayPal
1860,600,431,5,2025-01-09T10:30:36.535795,Credit Card
1861,166,379,5,2024-03-27T10:30:36.535799,Credit Card
1862,308,46,4,2023-11-09T10:30:36.535803,Credit Card
1863,851,72,5,2025-01-11T10:30:36.535807,Gift Card
1864,216,313,5,2023-02-17T10:30:36.535811,Debit Card
1865,906,350,3,2024-01-13T10:30:36.535815,Debit Card
1866,771,363,4,2025-01-18T10:30:36.535819,PayPal
1867,679,165,3,2025-03-23T10:30:36.535824,Gift Card
1868,983,307,3,2025-10-08T10:30:36.535828,PayPal
1869,662,473,1,2024-02-09T10:30:36.535831,Gift Card
1870,5,462,1,2023-12-06T10:30:36.535836,PayPal
1871,424,285,4,2023-09-05T10:30:36.535840,Gift Card
1872,552,42,1,2024-04-21T10:30:36.535844,Credit Card
1873,914,427,4,2023-12-06T10:30:36.535849,Credit Card
1874,362,498,4,2023-06-30T10:30:36.535853,Crypto
1875,367,199,2,2023-06-18T10:30:36.535857,Credit Card
1876,128,237,3,2023-03-11T10:30:36.535862,PayPal
1877,456,5,2,2023-09-25T10:30:36.535866,Credit Card
1878,777,144,3,2025-04-11T10:30:36.535870,Credit Card
1879,836,315,3,2023-07-20T10:30:36.535874,PayPal
1880,240,253,3,2025-09-17T10:30:36.535878,Debit Card
1881,505,464,5,2025-03-24T10:30:36.535882,Credit Card
1882,201,421,4,2025-07-03T10:30:36.535886,Debit Card
1883,583,257,4,2025-05-03T10:30:36.535890,Crypto
1884,199,338,5,2023-12-06T10:30:36.535896,Crypto
1885,579,90,1,2024-03-01T10:30:36.535900,PayPal
1886,764,34,2,2025-02-01T10:30:36.535904,Crypto
1887,877,117,5,2023-10-09T10:30:36.535909,Debit Card
1888,197,435,1,2023-02-04T10:30:36.535913,Crypto
1889,630,130,5,2023-05-04T10:30:36.535917,Gift Card
1890,3,481,4,2024-01-07T10:30:36.535921,Credit Card
1891,875,481,3,2024-08-08T10:30:36.535925,Gift Card
1892,281,63,5,2024-07-04T10:30:36.535929,Gift Card
1893,371,265,1,2023-05-03T10:30:36.535935,PayPal
1894,49,143,4,2024-04-27T10:30:36.535940,Gift Card
1895,324,3,4,2025-04-08T10:30:36.535944,Debit Card
1896,84,451,5,2023-07-20T10:30:36.535948,Credit Card
1897,756,116,4,2023-02-17T10:30:36.535952,Credit Card
1898,940,128,2,2025-05-09T10:30:36.535956,Debit Card
1899,319,33,1,2025-09-26T10:30:36.535960,Gift Card
1900,443,414,1,2024-02-26T10:30:36.535964,Debit Card
1901,861,129,2,2025-07-06T10:30:36.535969,Gift Card
1902,245,491,3,2023-06-25T10:30:36.535973,Credit Card
1903,842,171,5,2023-08-03T10:30:36.535977,PayPal
1904,967,38,5,2024-01-29T10:30:36.535981,Gift Card
1905,783,49,4,2024-03-11T10:30:36.535985,Credit Card
1906,88,499,1,2023-03-31T10:30:36.535989,Credit Card
1907,387,161,1,2023-08-15T10:30:36.535993,PayPal
1908,64,471,4,2025-08-29T10:30:36.535997,Debit Card
1909,626,321,4,2025-08-18T10:30:36.536001,Credit Card
1910,694,29,5,2025-09-01T10:30:36.536005,Debit Card
1911,871,196,4,2025-07-18T10:30:36.536009,Crypto
1912,771,211,2,2023-05-23T10:30:36.536014,Crypto
1913,807,338,5,2025-10-14T10:30:36.536019,Gift Card
1914,394,238,4,2023-05-07T10:30:36.536023,Crypto
1915,635,52,3,2023-12-28T10:30:36.536027,Credit Card
1916,465,265,3,2024-03-02T10:30:36.536031,PayPal
1917,111,53,1,2024-02-23T10:30:36.536035,Credit Card
1918,608,405,2,2023-04-12T10:30:36.536039,Crypto
1919,130,327,5,2025-02-04T10:30:36.536043,Debit Card
1920,432,247,5,2024-07-26T10:30:36.536047,PayPal
1921,249,71,1,2025-08-24T10:30:36.536051,PayPal
1922,320,300,4,2024-05-17T10:30:36.536055,Debit Card
1923,319,299,5,2023-08-22T10:30:36.536059,PayPal
1924,151,241,3,2024-02-15T10:30:36.536064,Debit Card
1925,299,189,1,2024-05-12T10:30:36.536068,Crypto
1926,674,348,2,2025-08-27T10:30:36.536072,PayPal
1927,520,420,5,2023-05-29T10:30:36.536076,Credit Card
1928,433,177,2,2023-01-29T10:30:36.536080,PayPal
1929,656,466,2,2023-08-12T10:30:36.536084,Credit Card
1930,350,97,4,2023-11-13T10:30:36.536088,Gift Card
1931,615,355,3,2023-06-05T10:30:36.536092,Crypto
1932,580,494,3,2024-02-02T10:30:36.536097,Debit Card
1933,429,169,2,2025-07-09T10:30:36.536101,Gift Card
1934,898,405,1,2024-06-04T10:30:36.536107,PayPal
1935,943,2,2,2023-11-15T10:30:36.536111,PayPal
1936,478,320,2,2025-02-22T10:30:36.536115,Gift Card
1937,753,394,3,2023-07-21T10:30:36.536119,Gift Card
1938,211,205,2,2023-07-02T10:30:36.536123,Credit Card
1939,372,6,1,2024-10-23T10:30:36.536127,Credit Card
1940,569,59,2,2024-12-31T10:30:36.536131,Gift Card
1941,200,324,5,2023-04-04T10:30:36.536135,Debit Card
1942,45,500,1,2025-04-04T10:30:36.536139,PayPal
1943,291,90,2,2023-05-02T10:30:36.536143,Debit Card
1944,737,90,3,2023-06-10T10:30:36.536147,Crypto
1945,252,92,2,2025-10-02T10:30:36.536151,PayPal
1946,864,135,1,2025-10-03T10:30:36.536155,PayPal
1947,389,336,1,2024-11-12T10:30:36.536159,PayPal
1948,313,234,2,2024-10-11T10:30:36.536163,Debit Card
1949,677,88,5,2023-01-28T10:30:36.536167,Crypto
1950,903,223,1,2025-06-25T10:30:36.536171,PayPal
1951,904,474,2,2023-08-03T10:30:36.536176,PayPal
1952,197,273,4,2023-11-13T10:30:36.536180,Debit Card
1953,326,307,4,2023-01-28T10:30:36.536184,PayPal
1954,944,24,5,2024-03-02T10:30:36.536188,PayPal
1955,875,275,3,2023-08-08T10:30:36.536192,PayPal
1956,336,127,1,2024-01-19T10:30:36.536196,Debit Card
1957,894,65,5,2023-02-06T10:30:36.536222,Crypto
1958,908,251,2,2023-10-11T10:30:36.536228,Credit Card
1959,804,241,5,2025-08-19T10:30:36.536232,PayPal
1960,521,199,5,2024-10-06T10:30:36.536237,Gift Card
1961,532,238,2,2024-11-29T10:30:36.536241,Debit Card
1962,539,356,4,2023-10-23T10:30:36.536245,Gift Card
1963,486,138,5,2024-09-09T10:30:36.536249,Crypto
1964,666,19,2,2025-03-14T10:30:36.536253,PayPal
1965,463,442,2,2024-09-14T10:30:36.536257,PayPal
1966,314,218,4,2024-03-18T10:30:36.536261,PayPal
1967,958,432,3,2025-02-06T10:30:36.536265,Crypto
1968,87,69,1,2024-12-26T10:30:36.536269,Gift Card
1969,532,181,2,2024-03-06T10:30:36.536273,Credit Card
1970,477,263,5,2024-11-14T10:30:36.536277,Gift Card
1971,462,240,4,2024-09-01T10:30:36.536282,Debit Card
1972,824,255,3,2025-01-18T10:30:36.536287,Gift Card
1973,26,92,4,2025-02-27T10:30:36.536291,Debit Card
1974,661,39,3,2023-04-15T10:30:36.536295,Credit Card
1975,302,432,5,2024-05-17T10:30:36.536299,Crypto
1976,660,41,3,2023-03-21T10:30:36.536303,PayPal
1977,101,61,1,2024-10-21T10:30:36.536307,Credit Card
1978,560,103,3,2025-04-06T10:30:36.536311,Debit Card
1979,257,155,3,2025-04-12T10:30:36.536315,Crypto
1980,142,438,5,2023-04-04T10:30:36.536320,Debit Card
1981,9,395,3,2025-01-09T10:30:36.536324,Debit Card
1982,802,207,4,2023-07-06T10:30:36.536328,Crypto
1983,776,336,1,2024-06-28T10:30:36.536334,Crypto
1984,780,488,2,2023-05-22T10:30:36.536338,Gift Card
1985,234,117,2,2024-06-26T10:30:36.536343,PayPal
1986,529,301,5,2023-09-10T10:30:36.536347,Gift Card
1987,740,417,4,2024-11-10T10:30:36.536352,Credit Card
1988,321,434,2,2024-08-11T10:30:36.536356,Gift Card
1989,215,225,4,2023-06-04T10:30:36.536360,Crypto
1990,31,192,2,2024-03-12T10:30:36.536365,PayPal
1991,313,483,1,2024-05-31T10:30:36.536369,Debit Card
1992,348,116,4,2024-08-15T10:30:36.536373,Gift Card
1993,782,399,5,2024-12-22T10:30:36.536378,Debit Card
1994,602,12,5,2023-08-12T10:30:36.536381,Credit Card
1995,945,72,2,2023-01-28T10:30:36.536385,Debit Card
1996,582,323,5,2023-04-03T10:30:36.536389,Crypto
1997,588,444,4,2024-09-29T10:30:36.536394,PayPal
1998,972,201,1,2024-04-25T10:30:36.536398,Gift Card
1999,193,244,1,2024-11-22T10:30:36.536402,Crypto
2000,986,232,3,2025-07-21T10:30:36.536406,PayPal
2001,107,346,5,2025-04-26T10:30:36.536410,Credit Card
2002,847,353,5,2024-06-11T10:30:36.536414,Credit Card
2003,192,102,1,2023-04-05T10:30:36.536418,Gift Card
2004,291,106,2,2024-12-30T10:30:36.536422,Crypto
2005,72,233,1,2024-10-12T10:30:36.536426,Crypto
2006,12,88,3,2023-05-28T10:30:36.536430,Gift Card
2007,401,81,1,2025-06-14T10:30:36.536434,Crypto
2008,429,245,1,2024-09-21T10:30:36.536438,PayPal
2009,134,446,2,2024-12-11T10:30:36.536442,Gift Card
2010,838,364,4,2025-05-15T10:30:36.536449,Crypto
2011,589,481,3,2024-03-02T10:30:36.536453,PayPal
2012,515,367,4,2025-01-15T10:30:36.536457,PayPal
2013,8,74,4,2025-08-20T10:30:36.536461,Gift Card
2014,620,414,2,2024-05-04T10:30:36.536465,Debit Card
2015,933,292,4,2024-07-10T10:30:36.536469,Gift Card
2016,590,21,1,2025-01-03T10:30:36.536474,Gift Card
2017,356,359,3,2024-09-19T10:30:36.536478,Crypto
2018,844,415,2,2024-08-25T10:30:36.536482,PayPal
2019,184,461,5,2023-10-05T10:30:36.536486,Gift Card
2020,469,197,2,2023-11-09T10:30:36.536490,Crypto
2021,98,202,1,2025-02-21T10:30:36.536496,PayPal
2022,281,452,5,2024-12-30T10:30:36.536500,Credit Card
2023,715,372,2,2023-04-08T10:30:36.536504,Gift Card
2024,422,391,5,2025-06-22T10:30:36.536508,Debit Card
2025,79,387,1,2024-05-26T10:30:36.536513,Debit Card
2026,420,231,2,2025-02-08T10:30:36.536517,PayPal
2027,519,23,4,2025-09-27T10:30:36.536521,Credit Card
2028,655,356,4,2024-09-29T10:30:36.536525,Debit Card
2029,764,205,2,2024-09-13T10:30:36.536530,Credit Card
2030,11,129,1,2023-10-29T10:30:36.536535,PayPal
2031,335,344,4,2024-06-15T10:30:36.536539,Gift Card
2032,70,43,5,2023-12-22T10:30:36.536543,PayPal
2033,731,487,4,2025-06-03T10:30:36.536547,Gift Card
2034,841,143,2,2025-05-03T10:30:36.536551,Credit Card
2035,622,52,2,2024-12-27T10:30:36.536555,Credit Card
2036,548,380,4,2025-05-05T10:30:36.536560,Credit Card
2037,688,391,1,2023-12-01T10:30:36.536565,Debit Card
2038,158,226,3,2025-04-25T10:30:36.536569,PayPal
2039,732,18,5,2025-03-17T10:30:36.536573,Gift Card
2040,714,25,5,2024-01-07T10:30:36.536577,Credit Card
2041,400,354,3,2024-07-27T10:30:36.536581,Credit Card
2042,613,3,1,2023-08-26T10:30:36.536585,Gift Card
2043,786,104,2,2024-10-06T10:30:36.536590,PayPal
2044,205,47,1,2024-08-19T10:30:36.536594,Credit Card
2045,15,173,2,2023-11-28T10:30:36.536598,Credit Card
2046,226,491,1,2023-07-31T10:30:36.536602,PayPal
2047,742,86,1,2024-08-25T10:30:36.536606,Crypto
2048,111,418,3,2024-11-28T10:30:36.536610,Crypto
2049,642,98,5,2025-03-26T10:30:36.536615,Crypto
2050,405,481,4,2025-06-23T10:30:36.536620,PayPal
2051,219,55,3,2024-11-27T10:30:36.536624,PayPal
2052,16,206,3,2025-10-12T10:30:36.536628,Gift Card
2053,218,235,2,2025-08-18T10:30:36.536632,Debit Card
2054,666,320,3,2025-09-10T10:30:36.536636,Credit Card
2055,907,112,4,2024-12-20T10:30:36.536640,Crypto
2056,512,53,5,2023-08-06T10:30:36.536644,Crypto
2057,176,129,1,2024-02-18T10:30:36.536649,Debit Card
2058,647,357,4,2023-11-30T10:30:36.536654,PayPal
2059,341,90,3,2023-06-06T10:30:36.536658,Gift Card
2060,70,172,1,2024-02-09T10:30:36.536662,Crypto
2061,460,196,5,2024-01-08T10:30:36.536667,PayPal
2062,516,301,1,2025-02-28T10:30:36.536671,Credit Card
2063,632,389,1,2024-12-12T10:30:36.536675,PayPal
2064,756,220,2,2024-01-29T10:30:36.536679,Credit Card
2065,62,71,3,2024-06-01T10:30:36.536683,Debit Card
2066,207,78,4,2025-03-29T10:30:36.536687,Credit Card
2067,244,473,5,2023-03-01T10:30:36.536691,Gift Card
2068,757,450,3,2025-06-09T10:30:36.536696,Debit Card
2069,326,330,1,2024-05-09T10:30:36.536701,Gift Card
2070,664,417,3,2023-09-17T10:30:36.536705,Credit Card
2071,235,434,3,2024-11-08T10:30:36.536709,PayPal
2072,211,277,1,2023-04-10T10:30:36.536713,PayPal
2073,821,352,2,2024-02-10T10:30:36.536718,Gift Card
2074,534,165,2,2024-07-29T10:30:36.536722,Credit Card
2075,67,446,4,2025-08-14T10:30:36.536726,PayPal
2076,54,325,2,2023-03-09T10:30:36.536730,PayPal
2077,129,47,2,2024-02-26T10:30:36.536734,Crypto
2078,852,408,2,2025-02-25T10:30:36.536738,Crypto
2079,81,219,4,2024-12-10T10:30:36.536742,PayPal
2080,739,102,2,2024-08-16T10:30:36.536746,PayPal
2081,621,128,3,2025-01-05T10:30:36.536750,Crypto
2082,460,496,2,2025-01-19T10:30:36.536754,Gift Card
2083,82,487,3,2024-09-12T10:30:36.536759,Gift Card
2084,172,242,4,2024-08-18T10:30:36.536763,Crypto
2085,625,377,4,2023-09-07T10:30:36.536768,PayPal
2086,840,489,4,2025-10-04T10:30:36.536772,Gift Card
2087,438,438,1,2023-09-08T10:30:36.536786,Debit Card
2088,610,276,2,2024-04-06T10:30:36.536798,PayPal
2089,264,195,4,2024-12-15T10:30:36.536803,Gift Card
2090,291,193,5,2024-02-12T10:30:36.536807,Gift Card
2091,74,171,2,2023-10-23T10:30:36.536811,Gift Card
2092,201,80,2,2025-10-20T10:30:36.536815,Credit Card
2093,883,257,3,2024-06-08T10:30:36.536820,Gift Card
2094,948,213,4,2023-02-04T10:30:36.536824,Debit Card
2095,394,251,3,2024-01-07T10:30:36.536828,Crypto
2096,73,210,1,2023-03-26T10:30:36.536832,Credit Card
2097,395,478,5,2025-05-11T10:30:36.536836,PayPal
2098,782,224,3,2023-08-27T10:30:36.536840,Debit Card
2099,522,364,4,2024-01-13T10:30:36.536845,Debit Card
2100,714,30,4,2023-03-21T10:30:36.536849,Gift Card
2101,754,127,2,2024-06-22T10:30:36.536853,Credit Card
2102,944,417,3,2024-01-17T10:30:36.536856,Credit Card
2103,715,341,2,2025-01-30T10:30:36.536861,Crypto
2104,467,484,2,2025-02-06T10:30:36.536865,PayPal
2105,617,297,2,2025-10-12T10:30:36.536869,Credit Card
2106,790,48,4,2024-09-12T10:30:36.536873,Crypto
2107,998,462,1,2024-05-12T10:30:36.536878,PayPal
2108,898,217,2,2023-06-28T10:30:36.536882,Gift Card
2109,259,355,3,2024-05-30T10:30:36.536887,Crypto
2110,675,454,4,2024-03-03T10:30:36.536891,Debit Card
2111,752,211,1,2025-07-05T10:30:36.536896,Crypto
2112,796,409,3,2023-07-14T10:30:36.536901,PayPal
2113,276,384,2,2023-03-17T10:30:36.536905,Gift Card
2114,716,158,1,2025-05-05T10:30:36.536909,Gift Card
2115,2,50,1,2023-08-24T10:30:36.536914,Gift Card
2116,538,214,3,2023-10-05T10:30:36.536918,Gift Card
2117,175,91,3,2025-04-17T10:30:36.536922,PayPal
2118,203,250,2,2024-05-28T10:30:36.536926,Credit Card
2119,462,291,2,2025-04-17T10:30:36.536930,PayPal
2120,61,384,2,2023-07-19T10:30:36.536934,PayPal
2121,266,462,4,2024-07-30T10:30:36.536938,Crypto
2122,112,445,2,2025-08-04T10:30:36.536943,Debit Card
2123,88,194,1,2025-01-14T10:30:36.536947,Credit Card
2124,351,16,5,2025-02-26T10:30:36.536951,Gift Card
2125,497,345,1,2025-10-15T10:30:36.536955,Credit Card
2126,273,385,1,2023-12-13T10:30:36.536959,Crypto
2127,809,22,1,2025-03-22T10:30:36.536983,Crypto
2128,811,4,4,2024-02-15T10:30:36.536991,Crypto
2129,986,390,3,2023-03-15T10:30:36.536996,Gift Card
2130,485,388,3,2024-02-14T10:30:36.537000,Gift Card
2131,345,190,3,2024-12-06T10:30:36.537005,PayPal
2132,964,185,4,2024-10-02T10:30:36.537009,Crypto
2133,59,500,3,2023-05-14T10:30:36.537013,Debit Card
2134,826,52,1,2024-07-14T10:30:36.537017,Gift Card
2135,743,428,2,2025-09-28T10:30:36.537022,Crypto
2136,126,445,5,2025-01-11T10:30:36.537026,PayPal
2137,378,232,5,2023-11-22T10:30:36.537030,Gift Card
2138,528,212,2,2025-10-21T10:30:36.537035,Debit Card
2139,18,325,3,2023-05-14T10:30:36.537040,Credit Card
2140,993,414,3,2023-11-30T10:30:36.537044,Gift Card
2141,240,311,4,2024-09-10T10:30:36.537048,Crypto
2142,814,42,3,2024-08-12T10:30:36.537052,Gift Card
2143,675,439,1,2023-10-04T10:30:36.537056,Gift Card
2144,301,311,2,2023-10-26T10:30:36.537060,PayPal
2145,891,267,5,2023-08-13T10:30:36.537064,Crypto
2146,33,66,4,2023-08-01T10:30:36.537070,Credit Card
2147,309,427,5,2023-05-13T10:30:36.537074,Gift Card
2148,173,459,4,2023-02-20T10:30:36.537079,Credit Card
2149,494,340,5,2025-02-20T10:30:36.537084,PayPal
2150,217,88,1,2025-07-08T10:30:36.537088,Gift Card
2151,733,15,2,2023-03-18T10:30:36.537092,Debit Card
2152,925,197,3,2025-03-13T10:30:36.537096,Debit Card
2153,682,244,1,2023-12-13T10:30:36.537100,PayPal
2154,945,274,4,2025-07-24T10:30:36.537105,Debit Card
2155,893,115,5,2023-09-01T10:30:36.537109,Crypto
2156,67,330,3,2024-10-03T10:30:36.537113,Gift Card
2157,670,329,5,2023-02-08T10:30:36.537118,Gift Card
2158,828,120,2,2025-02-01T10:30:36.537122,Credit Card
2159,298,45,1,2025-07-25T10:30:36.537126,Debit Card
2160,759,304,2,2023-09-23T10:30:36.537130,Credit Card
2161,587,189,2,2023-06-04T10:30:36.537134,Debit Card
2162,977,195,5,2023-10-01T10:30:36.537138,Credit Card
2163,319,32,5,2024-04-24T10:30:36.537142,PayPal
2164,868,199,4,2024-12-01T10:30:36.537146,Debit Card
2165,817,348,2,2024-05-10T10:30:36.537151,Crypto
2166,605,114,1,2024-09-15T10:30:36.537157,Credit Card
2167,552,437,4,2024-12-05T10:30:36.537163,PayPal
2168,836,483,3,2023-06-20T10:30:36.537167,PayPal
2169,512,349,4,2025-05-27T10:30:36.537171,Crypto
2170,291,75,1,2024-02-19T10:30:36.537175,Debit Card
2171,317,258,1,2025-01-17T10:30:36.537179,Crypto
2172,490,324,2,2024-06-05T10:30:36.537183,Debit Card
2173,722,495,4,2025-08-25T10:30:36.537187,Debit Card
2174,157,424,2,2023-06-09T10:30:36.537191,PayPal
2175,718,377,1,2023-03-24T10:30:36.537195,PayPal
2176,878,250,4,2024-12-22T10:30:36.537199,PayPal
2177,23,281,4,2024-11-13T10:30:36.537204,Gift Card
2178,695,243,3,2023-09-10T10:30:36.537208,Gift Card
2179,401,37,5,2023-10-11T10:30:36.537212,Debit Card
2180,290,357,2,2023-11-07T10:30:36.537216,Crypto
2181,404,50,2,2024-11-27T10:30:36.537220,Crypto
2182,887,413,1,2023-06-07T10:30:36.537224,Debit Card
2183,469,336,2,2024-03-12T10:30:36.537228,PayPal
2184,453,357,4,2024-12-30T10:30:36.537232,PayPal
2185,215,112,2,2023-10-03T10:30:36.537237,Credit Card
2186,371,372,5,2025-07-12T10:30:36.537241,PayPal
2187,386,487,4,2023-11-29T10:30:36.537245,PayPal
2188,949,29,1,2024-10-25T10:30:36.537249,Gift Card
2189,184,484,1,2025-06-26T10:30:36.537254,Crypto
2190,666,174,5,2024-08-06T10:30:36.537259,PayPal
2191,643,370,4,2025-02-16T10:30:36.537263,Credit Card
2192,122,124,4,2024-06-11T10:30:36.537267,Debit Card
2193,705,306,2,2023-12-26T10:30:36.537271,Gift Card
2194,795,355,1,2023-08-20T10:30:36.537275,Gift Card
2195,886,419,4,2025-01-16T10:30:36.537279,Gift Card
2196,377,6,1,2025-06-27T10:30:36.537283,Credit Card
2197,125,251,5,2025-03-08T10:30:36.537287,Credit Card
2198,601,294,5,2024-06-20T10:30:36.537291,Debit Card
2199,711,382,1,2023-08-03T10:30:36.537295,Crypto
2200,186,197,4,2024-01-03T10:30:36.537299,Gift Card
2201,306,293,2,2025-07-15T10:30:36.537304,Debit Card
2202,66,366,5,2025-04-18T10:30:36.537308,Gift Card
2203,833,359,1,2024-09-16T10:30:36.537312,Crypto
2204,838,275,5,2024-06-11T10:30:36.537316,Credit Card
2205,532,429,5,2024-04-21T10:30:36.537321,Credit Card
2206,772,386,2,2023-02-09T10:30:36.537325,Credit Card
2207,186,442,5,2023-11-13T10:30:36.537329,PayPal
2208,6,285,4,2023-07-28T10:30:36.537333,Debit Card
2209,126,21,2,2024-03-15T10:30:36.537343,PayPal
2210,669,83,1,2024-03-28T10:30:36.537347,Debit Card
2211,872,386,1,2025-07-30T10:30:36.537351,Credit Card
2212,519,153,3,2023-02-08T10:30:36.537356,Crypto
2213,176,217,1,2025-02-12T10:30:36.537361,Debit Card
2214,48,485,5,2023-04-12T10:30:36.537365,Debit Card
2215,675,274,4,2025-06-03T10:30:36.537369,Crypto
2216,503,356,3,2024-05-07T10:30:36.537373,Debit Card
2217,621,276,5,2025-03-24T10:30:36.537377,Credit Card
2218,679,420,1,2025-02-24T10:30:36.537381,Credit Card
2219,193,73,3,2023-06-01T10:30:36.537385,PayPal
2220,981,69,5,2024-04-07T10:30:36.537389,PayPal
2221,606,184,3,2025-06-15T10:30:36.537393,Crypto
2222,433,39,5,2025-02-05T10:30:36.537397,Debit Card
2223,391,333,2,2024-09-10T10:30:36.537401,Gift Card
2224,86,484,3,2023-12-02T10:30:36.537406,Gift Card
2225,963,356,2,2024-04-24T10:30:36.537410,PayPal
2226,73,323,3,2024-01-15T10:30:36.537414,PayPal
2227,732,191,5,2023-12-21T10:30:36.537419,Crypto
2228,620,84,4,2023-07-06T10:30:36.537423,PayPal
2229,324,404,4,2024-10-01T10:30:36.537427,Credit Card
2230,988,310,2,2025-08-06T10:30:36.537431,Debit Card
2231,128,273,1,2023-11-24T10:30:36.537434,Crypto
2232,417,34,3,2024-01-08T10:30:36.537438,Credit Card
2233,372,466,3,2023-08-20T10:30:36.537442,Debit Card
2234,150,445,2,2025-01-17T10:30:36.537446,Credit Card
2235,101,194,2,2024-10-02T10:30:36.537450,Credit Card
2236,802,474,1,2025-04-28T10:30:36.537454,Crypto
2237,746,449,3,2024-03-01T10:30:36.537458,Gift Card
2238,98,271,3,2023-11-07T10:30:36.537464,Crypto
2239,887,145,5,2025-01-20T10:30:36.537468,Crypto
2240,102,460,1,2025-05-03T10:30:36.537474,Debit Card
2241,970,385,4,2025-04-22T10:30:36.537478,Debit Card
2242,826,380,5,2024-04-08T10:30:36.537482,Crypto
2243,904,436,4,2024-06-23T10:30:36.537486,Crypto
2244,131,133,1,2023-11-21T10:30:36.537492,Crypto
2245,731,80,2,2025-05-31T10:30:36.537496,Gift Card
2246,582,377,3,2025-08-31T10:30:36.537500,Debit Card
2247,725,399,2,2023-11-30T10:30:36.537504,Crypto
2248,429,362,4,2025-04-20T10:30:36.537508,Gift Card
2249,363,409,4,2024-05-28T10:30:36.537512,Debit Card
2250,283,488,4,2024-05-09T10:30:36.537516,PayPal
2251,313,326,1,2023-02-27T10:30:36.537520,Debit Card
2252,417,395,3,2023-06-12T10:30:36.537524,Credit Card
2253,650,41,1,2023-10-08T10:30:36.537528,PayPal
2254,968,48,2,2024-03-14T10:30:36.537532,Credit Card
2255,87,381,3,2024-04-05T10:30:36.537536,Gift Card
2256,828,448,1,2023-02-12T10:30:36.537540,Gift Card
2257,694,261,2,2024-06-20T10:30:36.537544,Gift Card
2258,528,351,5,2023-11-10T10:30:36.537548,Credit Card
2259,416,8,5,2025-04-13T10:30:36.537552,Credit Card
2260,732,218,5,2023-09-18T10:30:36.537556,Debit Card
2261,251,379,5,2023-11-24T10:30:36.537560,Crypto
2262,44,311,4,2023-02-10T10:30:36.537564,PayPal
2263,691,477,5,2023-04-13T10:30:36.537570,PayPal
2264,180,39,3,2023-06-18T10:30:36.537574,PayPal
2265,527,181,1,2024-08-18T10:30:36.537578,Gift Card
2266,389,88,3,2023-02-04T10:30:36.537582,Credit Card
2267,347,468,2,2023-06-26T10:30:36.537586,Crypto
2268,872,393,1,2024-12-31T10:30:36.537590,Debit Card
2269,495,151,3,2025-03-20T10:30:36.537594,Credit Card
2270,756,324,5,2024-09-16T10:30:36.537598,PayPal
2271,946,157,5,2023-07-02T10:30:36.537602,Credit Card
2272,958,238,5,2023-06-09T10:30:36.537606,Gift Card
2273,59,183,1,2024-02-02T10:30:36.537610,Gift Card
2274,337,153,3,2025-07-07T10:30:36.537614,Credit Card
2275,359,456,2,2024-09-08T10:30:36.537618,Debit Card
2276,10,52,4,2024-06-08T10:30:36.537623,PayPal
2277,87,271,5,2023-04-18T10:30:36.537627,PayPal
2278,421,64,4,2025-10-17T10:30:36.537631,PayPal
2279,788,337,3,2025-03-07T10:30:36.537635,Gift Card
2280,405,192,3,2024-10-16T10:30:36.537639,Gift Card
2281,914,94,5,2023-07-16T10:30:36.537643,Debit Card
2282,112,225,4,2025-05-12T10:30:36.537647,PayPal
2283,363,383,4,2025-10-19T10:30:36.537652,Debit Card
2284,905,446,2,2025-07-03T10:30:36.537656,PayPal
2285,292,21,2,2024-09-15T10:30:36.537660,Gift Card
2286,762,170,1,2025-05-13T10:30:36.537664,PayPal
2287,972,246,3,2025-06-25T10:30:36.537668,Gift Card
2288,501,282,4,2023-07-28T10:30:36.537672,PayPal
2289,333,385,4,2024-05-29T10:30:36.537676,Gift Card
2290,135,57,1,2023-08-05T10:30:36.537681,Credit Card
2291,130,80,3,2024-05-30T10:30:36.537685,Credit Card
2292,786,351,2,2025-09-01T10:30:36.537709,Debit Card
2293,440,500,5,2023-09-30T10:30:36.537717,Credit Card
2294,445,246,3,2025-01-09T10:30:36.537723,Gift Card
2295,85,390,4,2025-02-13T10:30:36.537727,Crypto
2296,157,374,5,2025-04-16T10:30:36.537731,PayPal
2297,288,393,1,2023-05-24T10:30:36.537735,Debit Card
2298,718,127,4,2025-04-04T10:30:36.537740,Gift Card
2299,724,401,1,2023-11-07T10:30:36.537744,Crypto
2300,626,93,2,2023-06-02T10:30:36.537748,Crypto
2301,645,325,2,2025-03-04T10:30:36.537752,Credit Card
2302,136,206,1,2025-01-17T10:30:36.537757,PayPal
2303,952,75,4,2025-10-06T10:30:36.537761,Crypto
2304,205,47,1,2024-09-30T10:30:36.537765,Gift Card
2305,538,157,2,2025-03-11T10:30:36.537769,Debit Card
2306,437,246,1,2024-05-20T10:30:36.537773,Gift Card
2307,660,27,3,2025-07-04T10:30:36.537777,Debit Card
2308,373,144,3,2023-10-27T10:30:36.537782,Gift Card
2309,253,164,1,2025-04-21T10:30:36.537785,Credit Card
2310,1,27,3,2025-03-21T10:30:36.537789,Debit Card
2311,484,144,5,2025-07-13T10:30:36.537793,Gift Card
2312,190,130,4,2024-10-17T10:30:36.537797,Debit Card
2313,312,58,1,2023-12-09T10:30:36.537801,Credit Card
2314,700,283,2,2024-11-19T10:30:36.537805,Debit Card
2315,760,415,3,2023-09-25T10:30:36.537809,Crypto
2316,542,310,3,2025-02-23T10:30:36.537813,Debit Card
2317,216,300,4,2025-07-27T10:30:36.537817,Credit Card
2318,134,323,5,2025-06-23T10:30:36.537821,Credit Card
2319,601,496,2,2025-04-10T10:30:36.537826,Gift Card
2320,948,51,1,2023-03-05T10:30:36.537830,Crypto
2321,634,176,3,2023-10-13T10:30:36.537834,Gift Card
2322,780,104,5,2023-10-17T10:30:36.537839,PayPal
2323,45,66,2,2024-08-22T10:30:36.537843,Crypto
2324,729,130,5,2023-01-30T10:30:36.537847,Debit Card
2325,917,188,4,2024-01-19T10:30:36.537851,Credit Card
2326,933,224,1,2024-06-17T10:30:36.537855,Gift Card
2327,537,477,5,2023-08-07T10:30:36.537859,Credit Card
2328,171,307,3,2023-11-11T10:30:36.537863,PayPal
2329,297,24,5,2025-08-23T10:30:36.537867,PayPal
2330,759,418,4,2024-06-05T10:30:36.537871,Crypto
2331,892,263,1,2025-05-08T10:30:36.537875,Gift Card
2332,769,261,4,2024-03-28T10:30:36.537879,Gift Card
2333,411,311,3,2025-03-27T10:30:36.537883,PayPal
2334,4,82,5,2025-03-15T10:30:36.537887,Crypto
2335,714,5,5,2024-07-15T10:30:36.537891,Crypto
2336,725,369,5,2025-02-01T10:30:36.537895,Debit Card
2337,873,113,3,2023-10-30T10:30:36.537899,Debit Card
2338,566,61,2,2025-03-09T10:30:36.537903,Credit Card
2339,547,122,3,2025-09-14T10:30:36.537908,PayPal
2340,965,453,3,2023-03-20T10:30:36.537914,PayPal
2341,277,448,1,2024-01-06T10:30:36.537919,PayPal
2342,844,108,5,2025-06-28T10:30:36.537924,Credit Card
2343,665,178,5,2023-02-02T10:30:36.537928,Debit Card
2344,333,43,5,2025-01-27T10:30:36.537932,PayPal
2345,419,460,5,2024-12-27T10:30:36.537936,Debit Card
2346,59,321,1,2023-07-04T10:30:36.537941,Debit Card
2347,225,375,3,2025-04-27T10:30:36.537945,Debit Card
2348,995,9,5,2023-12-21T10:30:36.537949,Crypto
2349,109,370,4,2023-03-01T10:30:36.537953,Debit Card
2350,891,321,5,2024-04-08T10:30:36.537957,PayPal
2351,837,227,2,2024-11-26T10:30:36.537961,Debit Card
2352,209,298,4,2025-05-18T10:30:36.537966,Gift Card
2353,238,374,4,2024-10-12T10:30:36.537970,PayPal
2354,924,246,1,2024-06-04T10:30:36.537974,PayPal
2355,471,95,2,2025-04-14T10:30:36.537978,Crypto
2356,503,483,2,2023-12-31T10:30:36.537981,Debit Card
2357,22,159,2,2023-05-02T10:30:36.537986,PayPal
2358,838,202,5,2025-04-15T10:30:36.537990,Credit Card
2359,147,37,4,2025-02-15T10:30:36.537994,Gift Card
2360,931,331,4,2025-07-14T10:30:36.537998,Crypto
2361,141,373,1,2024-02-15T10:30:36.538003,Credit Card
2362,387,197,1,2025-07-04T10:30:36.538007,Credit Card
2363,782,426,1,2025-06-11T10:30:36.538011,PayPal
2364,789,43,3,2025-05-31T10:30:36.538015,Crypto
2365,14,406,1,2023-02-17T10:30:36.538019,Credit Card
2366,556,377,3,2023-06-04T10:30:36.538024,Credit Card
2367,208,72,4,2023-09-08T10:30:36.538028,Crypto
2368,914,228,2,2024-12-14T10:30:36.538032,Debit Card
2369,491,80,2,2025-08-28T10:30:36.538036,Crypto
2370,709,137,5,2025-06-20T10:30:36.538040,Credit Card
2371,845,23,1,2024-04-15T10:30:36.538044,Debit Card
2372,106,262,4,2025-06-01T10:30:36.538048,Credit Card
2373,935,115,1,2025-03-06T10:30:36.538052,Gift Card
2374,395,76,3,2023-12-23T10:30:36.538056,Debit Card
2375,232,472,4,2023-11-21T10:30:36.538060,Credit Card
2376,504,87,1,2025-03-09T10:30:36.538064,Credit Card
2377,980,490,3,2024-10-24T10:30:36.538068,Credit Card
2378,631,171,1,2024-10-20T10:30:36.538072,Credit Card
2379,918,23,5,2025-05-23T10:30:36.538076,PayPal
2380,439,272,3,2024-02-18T10:30:36.538081,PayPal
2381,696,218,2,2023-04-24T10:30:36.538085,Debit Card
2382,640,419,3,2024-11-02T10:30:36.538089,Credit Card
2383,278,470,4,2023-12-17T10:30:36.538093,Debit Card
2384,956,136,1,2023-08-09T10:30:36.538098,Credit Card
2385,883,478,2,2023-08-20T10:30:36.538102,PayPal
2386,328,76,4,2024-07-24T10:30:36.538105,Gift Card
2387,835,35,1,2024-03-12T10:30:36.538109,Gift Card
2388,983,373,3,2025-05-29T10:30:36.538113,Credit Card
2389,331,66,2,2023-08-31T10:30:36.538117,Gift Card
2390,362,164,4,2024-08-16T10:30:36.538121,Gift Card
2391,711,499,4,2024-02-16T10:30:36.538125,Debit Card
2392,142,411,2,2024-09-27T10:30:36.538130,Gift Card
2393,563,255,5,2024-04-26T10:30:36.538135,Gift Card
2394,546,275,2,2024-09-26T10:30:36.538139,Credit Card
2395,595,367,4,2024-05-03T10:30:36.538143,Crypto
2396,796,356,2,2023-11-05T10:30:36.538147,Credit Card
2397,241,186,1,2025-03-30T10:30:36.538151,Credit Card
2398,372,286,4,2023-02-17T10:30:36.538155,PayPal
2399,944,57,1,2023-04-05T10:30:36.538159,Debit Card
2400,370,435,2,2024-12-27T10:30:36.538164,Gift Card
2401,148,428,5,2023-02-02T10:30:36.538168,Gift Card
2402,249,108,2,2025-08-28T10:30:36.538173,PayPal
2403,121,493,2,2024-10-03T10:30:36.538178,Credit Card
2404,713,495,4,2024-10-09T10:30:36.538182,Credit Card
2405,719,55,5,2025-08-10T10:30:36.538186,Gift Card
2406,858,305,2,2025-09-24T10:30:36.538190,PayPal
2407,375,73,1,2025-02-16T10:30:36.538194,Credit Card
2408,13,292,4,2025-05-24T10:30:36.538198,PayPal
2409,482,381,2,2023-09-19T10:30:36.538202,Crypto
2410,716,486,3,2024-06-30T10:30:36.538206,Gift Card
2411,740,173,4,2023-08-16T10:30:36.538210,Credit Card
2412,294,57,2,2025-08-24T10:30:36.538214,Credit Card
2413,619,385,2,2024-05-27T10:30:36.538218,PayPal
2414,12,203,4,2023-11-28T10:30:36.538222,Gift Card
2415,568,365,3,2023-03-28T10:30:36.538226,Crypto
2416,514,157,2,2024-08-17T10:30:36.538230,PayPal
2417,279,499,1,2024-05-08T10:30:36.538234,Gift Card
2418,974,65,2,2024-09-09T10:30:36.538238,Crypto
2419,58,113,4,2025-04-19T10:30:36.538243,Crypto
2420,620,431,1,2023-07-11T10:30:36.538247,Gift Card
2421,489,161,4,2023-06-30T10:30:36.538251,Gift Card
2422,169,28,3,2024-01-01T10:30:36.538256,Gift Card
2423,200,139,1,2025-07-10T10:30:36.538259,Credit Card
2424,372,309,3,2025-09-26T10:30:36.538263,PayPal
2425,289,84,5,2025-07-07T10:30:36.538267,Credit Card
2426,217,306,1,2023-09-11T10:30:36.538271,Debit Card
2427,193,283,2,2024-01-10T10:30:36.538275,Credit Card
2428,247,138,1,2023-01-28T10:30:36.538279,Crypto
2429,579,23,5,2023-08-07T10:30:36.538285,Gift Card
2430,47,25,3,2025-07-21T10:30:36.538289,Debit Card
2431,9,183,3,2023-02-16T10:30:36.538293,Gift Card
2432,513,100,3,2023-09-16T10:30:36.538297,Gift Card
2433,744,183,2,2023-11-05T10:30:36.538301,Credit Card
2434,340,209,5,2025-07-13T10:30:36.538305,Crypto
2435,827,397,2,2025-09-30T10:30:36.538309,Crypto
2436,816,196,4,2024-03-03T10:30:36.538313,Credit Card
2437,298,83,2,2023-11-26T10:30:36.538317,Gift Card
2438,81,454,1,2023-02-22T10:30:36.538321,PayPal
2439,906,111,2,2023-08-29T10:30:36.538326,PayPal
2440,987,257,5,2023-10-09T10:30:36.538331,Crypto
2441,668,268,3,2024-07-23T10:30:36.538335,PayPal
2442,348,149,3,2024-01-25T10:30:36.538339,Gift Card
2443,41,457,4,2025-02-22T10:30:36.538343,PayPal
2444,626,311,1,2023-02-16T10:30:36.538348,PayPal
2445,581,322,4,2025-07-17T10:30:36.538353,Credit Card
2446,147,393,3,2024-04-12T10:30:36.538357,Credit Card
2447,511,49,4,2024-12-07T10:30:36.538361,PayPal
2448,957,152,2,2025-08-16T10:30:36.538365,Debit Card
2449,591,187,3,2025-07-25T10:30:36.538369,Credit Card
2450,184,364,4,2025-02-02T10:30:36.538374,Gift Card
2451,263,391,4,2023-12-29T10:30:36.538378,PayPal
2452,963,64,5,2024-06-12T10:30:36.538382,Credit Card
2453,373,440,3,2024-09-09T10:30:36.538386,Gift Card
2454,878,318,2,2024-07-30T10:30:36.538390,Debit Card
2455,525,433,5,2023-02-23T10:30:36.538394,Debit Card
2456,383,43,4,2024-05-24T10:30:36.538398,Gift Card
2457,270,450,1,2024-01-28T10:30:36.538402,Credit Card
2458,759,405,2,2023-11-08T10:30:36.538408,Crypto
2459,9,80,1,2024-12-31T10:30:36.538412,Gift Card
2460,163,292,4,2023-06-03T10:30:36.538416,Credit Card
2461,229,199,4,2023-12-09T10:30:36.538420,Credit Card
2462,358,239,4,2024-01-06T10:30:36.538424,Crypto
2463,922,419,4,2025-07-05T10:30:36.538428,Credit Card
2464,185,375,1,2023-03-30T10:30:36.538432,Gift Card
2465,787,222,2,2024-09-08T10:30:36.538437,Debit Card
2466,67,163,3,2024-02-14T10:30:36.538441,Gift Card
2467,218,360,4,2025-06-29T10:30:36.538467,Debit Card
2468,466,20,5,2025-05-18T10:30:36.538473,Gift Card
2469,150,328,2,2024-12-01T10:30:36.538477,Crypto
2470,33,308,4,2025-08-22T10:30:36.538481,Debit Card
2471,809,221,4,2025-03-20T10:30:36.538485,Credit Card
2472,217,445,1,2023-02-22T10:30:36.538489,Gift Card
2473,277,130,2,2025-07-31T10:30:36.538494,PayPal
2474,71,141,4,2025-08-02T10:30:36.538498,Debit Card
2475,895,365,4,2023-05-16T10:30:36.538502,Gift Card
2476,538,110,3,2025-04-19T10:30:36.538506,Credit Card
2477,95,459,4,2024-11-08T10:30:36.538510,Debit Card
2478,169,102,3,2023-03-05T10:30:36.538516,Gift Card
2479,494,244,5,2023-11-19T10:30:36.538520,PayPal
2480,989,357,4,2024-10-26T10:30:36.538525,Crypto
2481,399,422,1,2024-03-29T10:30:36.538529,Crypto
2482,204,40,5,2024-02-01T10:30:36.538533,PayPal
2483,332,341,3,2025-10-10T10:30:36.538537,PayPal
2484,919,235,2,2024-05-31T10:30:36.538541,Debit Card
2485,117,406,4,2025-01-28T10:30:36.538545,Crypto
2486,740,2,4,2023-03-04T10:30:36.538550,PayPal
2487,650,231,5,2025-07-17T10:30:36.538554,Credit Card
2488,224,382,2,2024-08-20T10:30:36.538558,Crypto
2489,793,86,5,2024-10-03T10:30:36.538562,PayPal
2490,357,108,2,2023-02-02T10:30:36.538566,Crypto
2491,979,8,3,2023-07-14T10:30:36.538570,Debit Card
2492,17,155,3,2024-05-28T10:30:36.538574,Credit Card
2493,717,256,4,2024-08-27T10:30:36.538580,Gift Card
2494,361,181,5,2024-08-14T10:30:36.538585,Crypto
2495,998,392,3,2025-06-30T10:30:36.538589,PayPal
2496,470,220,3,2025-04-26T10:30:36.538595,Crypto
2497,610,84,5,2024-08-04T10:30:36.538600,Gift Card
2498,292,433,4,2024-01-14T10:30:36.538605,Debit Card
2499,719,318,1,2025-07-27T10:30:36.538609,Credit Card
2500,92,333,1,2024-02-01T10:30:36.538613,Gift Card
2501,107,255,5,2023-03-20T10:30:36.538617,Crypto
2502,103,325,4,2024-05-27T10:30:36.538622,Crypto
2503,826,17,3,2023-06-05T10:30:36.538626,Gift Card
2504,217,115,4,2024-04-08T10:30:36.538630,Gift Card
2505,118,101,4,2023-02-24T10:30:36.538634,Credit Card
2506,360,496,4,2024-08-28T10:30:36.538638,Gift Card
2507,8,482,3,2023-08-16T10:30:36.538642,PayPal
2508,520,146,3,2023-05-08T10:30:36.538646,Debit Card
2509,315,430,4,2023-12-05T10:30:36.538651,PayPal
2510,5,461,4,2025-09-21T10:30:36.538655,Credit Card
2511,27,79,3,2023-06-17T10:30:36.538659,Crypto
2512,840,380,5,2024-12-03T10:30:36.538663,Debit Card
2513,175,492,5,2024-08-10T10:30:36.538667,PayPal
2514,570,499,4,2025-04-10T10:30:36.538671,Crypto
2515,660,202,1,2023-07-27T10:30:36.538675,Crypto
2516,440,66,4,2023-01-28T10:30:36.538680,PayPal
2517,413,463,3,2024-05-13T10:30:36.538685,PayPal
2518,448,119,1,2023-10-28T10:30:36.538689,PayPal
2519,517,61,5,2023-08-13T10:30:36.538693,Gift Card
2520,864,391,3,2023-06-20T10:30:36.538697,Crypto
2521,163,486,3,2025-03-30T10:30:36.538702,Credit Card
2522,96,14,4,2025-10-13T10:30:36.538706,Crypto
2523,157,15,5,2023-10-31T10:30:36.538710,Crypto
2524,943,498,1,2024-03-18T10:30:36.538714,Gift Card
2525,26,381,2,2024-07-17T10:30:36.538718,Debit Card
2526,192,123,2,2024-12-24T10:30:36.538722,PayPal
2527,549,431,2,2023-10-12T10:30:36.538726,Gift Card
2528,789,134,1,2025-01-16T10:30:36.538731,Credit Card
2529,958,74,1,2024-01-10T10:30:36.538735,Crypto
2530,888,53,1,2024-07-11T10:30:36.538739,Crypto
2531,126,55,2,2025-01-08T10:30:36.538745,Debit Card
2532,917,93,1,2025-08-06T10:30:36.538749,Gift Card
2533,865,186,2,2024-09-19T10:30:36.538753,Credit Card
2534,503,408,1,2024-08-27T10:30:36.538757,Credit Card
2535,499,492,1,2025-03-23T10:30:36.538761,Gift Card
2536,385,456,3,2024-01-15T10:30:36.538766,Gift Card
2537,828,83,2,2024-12-23T10:30:36.538770,Credit Card
2538,926,92,5,2024-01-17T10:30:36.538774,Crypto
2539,876,17,1,2023-01-29T10:30:36.538779,Debit Card
2540,356,248,5,2024-02-18T10:30:36.538796,Crypto
2541,6,82,5,2023-09-26T10:30:36.538801,Debit Card
2542,949,63,2,2024-02-12T10:30:36.538805,Credit Card
2543,549,12,5,2024-05-18T10:30:36.538809,PayPal
2544,222,444,3,2025-06-29T10:30:36.538814,PayPal
2545,31,168,2,2025-03-13T10:30:36.538818,Credit Card
2546,746,355,2,2025-01-23T10:30:36.538824,Debit Card
2547,494,103,1,2024-11-02T10:30:36.538829,Crypto
2548,668,151,4,2023-09-22T10:30:36.538833,Gift Card
2549,447,263,4,2023-03-25T10:30:36.538837,PayPal
2550,257,89,2,2023-11-21T10:30:36.538841,Debit Card
2551,985,202,1,2024-03-06T10:30:36.538845,Crypto
2552,320,85,2,2023-02-21T10:30:36.538849,Gift Card
2553,444,453,4,2024-08-17T10:30:36.538853,Crypto
2554,766,140,3,2024-01-26T10:30:36.538857,Credit Card
2555,622,197,4,2025-04-03T10:30:36.538861,Crypto
2556,362,192,1,2024-07-21T10:30:36.538866,PayPal
2557,911,18,5,2025-02-07T10:30:36.538871,Crypto
2558,420,151,5,2023-07-01T10:30:36.538875,Crypto
2559,361,204,1,2025-06-29T10:30:36.538879,PayPal
2560,829,166,4,2023-08-07T10:30:36.538883,PayPal
2561,367,126,1,2025-03-18T10:30:36.538887,Debit Card
2562,381,75,3,2025-06-21T10:30:36.538891,Credit Card
2563,327,353,1,2023-10-21T10:30:36.538895,Debit Card
2564,219,239,5,2023-08-02T10:30:36.538899,Debit Card
2565,921,120,5,2025-08-18T10:30:36.538904,Gift Card
2566,291,309,2,2024-05-03T10:30:36.538908,PayPal
2567,106,288,3,2023-10-22T10:30:36.538912,Crypto
2568,969,453,1,2024-03-16T10:30:36.538916,Gift Card
2569,699,388,4,2024-12-03T10:30:36.538920,Debit Card
2570,203,101,1,2023-07-26T10:30:36.538924,Gift Card
2571,511,24,3,2024-08-19T10:30:36.538929,Credit Card
2572,128,232,2,2024-02-17T10:30:36.538933,Debit Card
2573,606,197,2,2024-03-13T10:30:36.538937,Credit Card
2574,292,10,5,2025-10-20T10:30:36.538941,Gift Card
2575,292,68,4,2025-09-17T10:30:36.538946,Crypto
2576,941,271,1,2024-11-13T10:30:36.538951,Credit Card
2577,72,241,1,2023-06-28T10:30:36.538955,Gift Card
2578,741,155,3,2024-12-04T10:30:36.538959,Debit Card
2579,410,41,5,2023-08-23T10:30:36.538963,Debit Card
2580,506,314,1,2024-09-17T10:30:36.538967,Debit Card
2581,714,233,4,2023-06-08T10:30:36.538971,Credit Card
2582,864,192,5,2025-07-11T10:30:36.538975,Credit Card
2583,230,25,1,2025-06-04T10:30:36.538979,Credit Card
2584,331,442,4,2025-03-07T10:30:36.538984,PayPal
2585,91,98,3,2023-07-12T10:30:36.538988,Crypto
2586,6,479,1,2025-02-01T10:30:36.538992,Credit Card
2587,114,25,3,2025-08-09T10:30:36.538996,Debit Card
2588,338,353,5,2023-08-06T10:30:36.539000,Gift Card
2589,277,358,2,2023-03-22T10:30:36.539005,PayPal
2590,598,236,1,2025-06-17T10:30:36.539009,Debit Card
2591,883,76,5,2023-04-29T10:30:36.539013,Gift Card
2592,653,229,1,2024-05-08T10:30:36.539017,Crypto
2593,247,296,4,2023-12-17T10:30:36.539021,Gift Card
2594,1000,144,3,2023-08-25T10:30:36.539025,Gift Card
2595,232,48,3,2023-09-01T10:30:36.539032,Debit Card
2596,729,43,3,2024-04-01T10:30:36.539036,PayPal
2597,676,332,2,2023-11-13T10:30:36.539041,Credit Card
2598,77,498,4,2025-08-24T10:30:36.539046,PayPal
2599,14,344,2,2024-07-02T10:30:36.539050,Gift Card
2600,193,250,1,2024-11-10T10:30:36.539054,PayPal
2601,834,303,5,2024-05-16T10:30:36.539058,Debit Card
2602,779,484,3,2023-10-30T10:30:36.539062,Gift Card
2603,672,79,5,2025-07-08T10:30:36.539066,PayPal
2604,225,470,3,2024-09-25T10:30:36.539070,Gift Card
2605,889,318,5,2025-03-31T10:30:36.539075,Gift Card
2606,193,36,3,2024-08-17T10:30:36.539079,PayPal
2607,703,158,5,2023-12-31T10:30:36.539083,Credit Card
2608,151,237,1,2023-09-23T10:30:36.539087,Credit Card
2609,247,9,4,2025-04-16T10:30:36.539091,Debit Card
2610,30,244,5,2024-07-18T10:30:36.539095,Debit Card
2611,272,61,5,2025-07-30T10:30:36.539099,Debit Card
2612,442,109,2,2024-09-13T10:30:36.539103,Crypto
2613,442,261,3,2025-08-31T10:30:36.539107,Gift Card
2614,280,190,1,2025-09-04T10:30:36.539113,Gift Card
2615,750,476,4,2025-04-09T10:30:36.539117,Debit Card
2616,194,207,2,2024-02-24T10:30:36.539121,Debit Card
2617,543,312,4,2024-05-11T10:30:36.539125,Gift Card
2618,112,349,1,2024-01-02T10:30:36.539129,PayPal
2619,982,57,2,2025-06-29T10:30:36.539134,Credit Card
2620,917,19,5,2025-01-25T10:30:36.539138,PayPal
2621,68,273,1,2025-01-15T10:30:36.539144,PayPal
2622,904,318,4,2024-09-18T10:30:36.539148,Gift Card
2623,104,113,3,2024-06-04T10:30:36.539153,PayPal
2624,176,403,2,2024-11-03T10:30:36.539157,Debit Card
2625,723,306,3,2023-10-04T10:30:36.539161,Credit Card
2626,97,95,5,2023-04-09T10:30:36.539165,Crypto
2627,489,379,3,2023-06-04T10:30:36.539169,PayPal
2628,175,162,1,2025-05-07T10:30:36.539174,PayPal
2629,341,461,4,2025-06-01T10:30:36.539178,Credit Card
2630,683,243,4,2024-11-16T10:30:36.539182,Credit Card
2631,182,499,3,2023-05-06T10:30:36.539186,Credit Card
2632,175,348,1,2024-02-24T10:30:36.539190,Debit Card
2633,993,243,5,2025-10-23T10:30:36.539194,Gift Card
2634,895,127,4,2025-07-04T10:30:36.539218,Credit Card
2635,839,9,5,2023-11-28T10:30:36.539225,Debit Card
2636,856,117,5,2024-05-27T10:30:36.539230,PayPal
2637,774,76,1,2025-07-14T10:30:36.539234,Debit Card
2638,824,377,3,2024-07-18T10:30:36.539238,Gift Card
2639,753,180,5,2025-02-03T10:30:36.539242,Gift Card
2640,260,187,4,2025-10-11T10:30:36.539246,Debit Card
2641,309,364,3,2023-04-26T10:30:36.539250,Crypto
2642,794,340,5,2024-06-16T10:30:36.539255,Credit Card
2643,277,352,5,2023-10-10T10:30:36.539259,Credit Card
2644,152,211,2,2023-12-19T10:30:36.539263,PayPal
2645,366,255,1,2025-02-16T10:30:36.539267,Crypto
2646,759,357,4,2024-10-21T10:30:36.539271,PayPal
2647,763,46,2,2023-03-27T10:30:36.539275,Gift Card
2648,655,56,3,2023-05-10T10:30:36.539281,Crypto
2649,921,468,4,2023-02-16T10:30:36.539286,Crypto
2650,180,136,3,2023-04-29T10:30:36.539291,Debit Card
2651,401,302,4,2023-03-02T10:30:36.539295,Debit Card
2652,317,98,1,2024-03-10T10:30:36.539299,Crypto
2653,719,176,5,2025-06-21T10:30:36.539304,Gift Card
2654,815,233,5,2023-02-06T10:30:36.539308,Debit Card
2655,296,57,1,2024-06-01T10:30:36.539312,PayPal
2656,478,349,2,2024-05-07T10:30:36.539317,Debit Card
2657,639,286,2,2024-12-18T10:30:36.539321,Gift Card
2658,296,34,3,2025-10-09T10:30:36.539326,Gift Card
2659,42,112,3,2023-07-02T10:30:36.539330,Crypto
2660,127,28,4,2024-12-15T10:30:36.539334,Credit Card
2661,441,181,1,2025-09-03T10:30:36.539338,Debit Card
2662,142,180,3,2023-08-12T10:30:36.539342,Crypto
2663,682,491,5,2025-05-19T10:30:36.539347,Credit Card
2664,731,139,2,2023-10-05T10:30:36.539351,PayPal
2665,443,300,1,2024-12-31T10:30:36.539355,PayPal
2666,33,243,3,2025-02-12T10:30:36.539359,Gift Card
2667,433,205,1,2023-04-24T10:30:36.539363,Debit Card
2668,943,155,5,2024-12-10T10:30:36.539367,PayPal
2669,578,224,3,2023-07-24T10:30:36.539371,Crypto
2670,143,350,2,2025-02-10T10:30:36.539375,PayPal
2671,427,284,2,2024-12-20T10:30:36.539380,Debit Card
2672,88,153,5,2023-03-20T10:30:36.539384,Gift Card
2673,559,94,4,2023-08-15T10:30:36.539389,Gift Card
2674,99,71,5,2024-07-29T10:30:36.539393,Debit Card
2675,516,479,3,2024-07-02T10:30:36.539397,Debit Card
2676,438,239,4,2023-02-13T10:30:36.539401,Gift Card
2677,473,15,5,2025-09-27T10:30:36.539406,Gift Card
2678,91,387,2,2024-02-03T10:30:36.539410,Debit Card
2679,806,125,5,2024-05-18T10:30:36.539414,Debit Card
2680,131,318,5,2023-04-17T10:30:36.539418,Crypto
2681,899,151,1,2023-09-12T10:30:36.539422,Gift Card
2682,129,207,1,2024-07-08T10:30:36.539426,Crypto
2683,472,430,1,2025-07-30T10:30:36.539431,Credit Card
2684,277,425,1,2024-11-17T10:30:36.539435,Crypto
2685,100,421,3,2024-03-24T10:30:36.539439,Gift Card
2686,708,170,1,2025-06-22T10:30:36.539443,Crypto
2687,691,262,1,2023-11-06T10:30:36.539447,PayPal
2688,529,74,5,2023-09-27T10:30:36.539451,Gift Card
2689,140,115,2,2024-12-20T10:30:36.539455,Debit Card
2690,737,480,1,2023-07-23T10:30:36.539459,Gift Card
2691,639,353,2,2025-06-29T10:30:36.539464,Credit Card
2692,1,79,5,2023-05-07T10:30:36.539469,Credit Card
2693,533,50,2,2025-03-29T10:30:36.539473,Credit Card
2694,486,13,5,2024-07-27T10:30:36.539477,Gift Card
2695,57,475,1,2024-12-21T10:30:36.539481,Gift Card
2696,496,95,2,2023-06-16T10:30:36.539485,Crypto
2697,267,421,5,2023-11-27T10:30:36.539490,Gift Card
2698,880,337,5,2025-06-20T10:30:36.539494,Gift Card
2699,150,326,1,2025-04-18T10:30:36.539498,PayPal
2700,839,382,2,2025-05-03T10:30:36.539503,Crypto
2701,760,359,5,2025-04-02T10:30:36.539507,Gift Card
2702,492,149,3,2023-12-11T10:30:36.539511,Credit Card
2703,983,302,4,2024-10-13T10:30:36.539515,Debit Card
2704,401,198,1,2024-07-06T10:30:36.539520,Gift Card
2705,834,218,2,2025-09-26T10:30:36.539524,Debit Card
2706,469,62,5,2024-09-21T10:30:36.539528,Credit Card
2707,595,156,1,2024-01-03T10:30:36.539532,Crypto
2708,456,22,3,2023-02-12T10:30:36.539536,PayPal
2709,480,452,4,2025-01-14T10:30:36.539540,Credit Card
2710,163,184,5,2023-06-01T10:30:36.539544,Crypto
2711,216,179,5,2024-09-20T10:30:36.539548,Crypto
2712,65,90,2,2024-10-29T10:30:36.539554,Crypto
2713,348,236,2,2025-01-12T10:30:36.539558,Debit Card
2714,946,202,1,2023-03-31T10:30:36.539562,Gift Card
2715,386,493,4,2024-02-12T10:30:36.539566,PayPal
2716,590,363,5,2023-08-22T10:30:36.539570,Crypto
2717,266,67,3,2024-03-01T10:30:36.539574,Crypto
2718,357,300,5,2023-06-28T10:30:36.539578,Gift Card
2719,70,24,1,2023-06-05T10:30:36.539583,PayPal
2720,238,50,1,2024-05-31T10:30:36.539587,Gift Card
2721,332,390,2,2023-08-26T10:30:36.539591,PayPal
2722,108,461,2,2023-10-10T10:30:36.539596,Gift Card
2723,774,499,4,2023-03-25T10:30:36.539600,Credit Card
2724,64,314,3,2025-06-29T10:30:36.539604,Credit Card
2725,868,384,1,2024-07-29T10:30:36.539608,Debit Card
2726,622,324,1,2023-03-24T10:30:36.539613,PayPal
2727,329,56,4,2024-10-03T10:30:36.539617,PayPal
2728,653,294,5,2025-04-03T10:30:36.539621,PayPal
2729,259,252,4,2023-11-29T10:30:36.539625,Debit Card
2730,231,104,2,2024-08-06T10:30:36.539629,Crypto
2731,829,405,2,2025-07-28T10:30:36.539634,Crypto
2732,25,323,1,2025-03-30T10:30:36.539639,Credit Card
2733,830,72,1,2024-10-21T10:30:36.539643,Gift Card
2734,582,280,1,2024-11-10T10:30:36.539647,PayPal
2735,699,374,5,2024-06-03T10:30:36.539651,PayPal
2736,853,107,5,2023-06-30T10:30:36.539655,Gift Card
2737,513,181,3,2024-01-30T10:30:36.539659,Crypto
2738,874,71,1,2024-08-01T10:30:36.539663,Gift Card
2739,641,193,1,2024-03-21T10:30:36.539667,Credit Card
2740,131,401,5,2024-12-23T10:30:36.539672,Credit Card
2741,121,256,2,2025-09-02T10:30:36.539676,Crypto
2742,554,170,1,2025-03-09T10:30:36.539680,Debit Card
2743,945,425,3,2024-09-20T10:30:36.539684,Debit Card
2744,70,447,2,2023-02-06T10:30:36.539688,Debit Card
2745,77,274,5,2025-02-19T10:30:36.539692,Crypto
2746,955,313,5,2024-12-09T10:30:36.539696,Gift Card
2747,634,30,5,2023-11-10T10:30:36.539701,Credit Card
2748,597,242,3,2023-12-26T10:30:36.539706,Credit Card
2749,34,174,4,2025-01-30T10:30:36.539710,PayPal
2750,343,455,1,2025-06-04T10:30:36.539715,PayPal
2751,561,419,3,2023-03-23T10:30:36.539721,Credit Card
2752,242,253,1,2023-07-23T10:30:36.539725,Crypto
2753,927,313,1,2024-11-04T10:30:36.539729,Credit Card
2754,973,214,5,2023-09-28T10:30:36.539733,Crypto
2755,952,42,5,2024-06-21T10:30:36.539737,PayPal
2756,278,371,1,2025-07-10T10:30:36.539741,Credit Card
2757,509,260,2,2023-12-29T10:30:36.539745,Debit Card
2758,442,245,3,2023-08-16T10:30:36.539750,PayPal
2759,22,477,1,2025-09-28T10:30:36.539754,PayPal
2760,548,312,4,2023-11-26T10:30:36.539758,Credit Card
2761,566,247,1,2024-09-23T10:30:36.539762,Gift Card
2762,713,65,4,2023-11-06T10:30:36.539766,Gift Card
2763,563,71,1,2024-08-02T10:30:36.539770,Credit Card
2764,919,316,3,2024-10-29T10:30:36.539775,PayPal
2765,352,224,1,2025-02-23T10:30:36.539779,PayPal
2766,95,302,1,2025-03-06T10:30:36.539783,Gift Card
2767,766,386,5,2024-03-22T10:30:36.539787,Credit Card
2768,822,8,2,2023-07-15T10:30:36.539791,Credit Card
2769,79,30,2,2024-08-01T10:30:36.539795,PayPal
2770,290,23,3,2024-10-31T10:30:36.539800,Crypto
2771,671,456,2,2024-12-29T10:30:36.539805,PayPal
2772,621,204,4,2023-12-21T10:30:36.539809,Credit Card
2773,673,40,1,2025-02-10T10:30:36.539813,Crypto
2774,211,254,3,2023-04-19T10:30:36.539817,PayPal
2775,455,366,3,2023-03-05T10:30:36.539821,Debit Card
2776,799,283,3,2023-05-19T10:30:36.539825,PayPal
2777,540,458,3,2024-12-02T10:30:36.539829,Crypto
2778,516,54,1,2024-11-04T10:30:36.539833,Gift Card
2779,723,487,5,2024-06-14T10:30:36.539838,Debit Card
2780,81,105,2,2023-06-16T10:30:36.539842,Crypto
2781,237,157,5,2025-03-23T10:30:36.539856,Credit Card
2782,382,372,2,2025-09-18T10:30:36.539863,PayPal
2783,716,226,4,2023-02-22T10:30:36.539867,Credit Card
2784,22,256,1,2025-01-21T10:30:36.539872,Debit Card
2785,603,197,3,2023-06-30T10:30:36.539876,Credit Card
2786,62,143,5,2024-09-26T10:30:36.539881,Gift Card
2787,20,442,4,2024-09-26T10:30:36.539886,Gift Card
2788,46,115,2,2024-10-01T10:30:36.539890,PayPal
2789,676,221,5,2025-09-01T10:30:36.539894,Debit Card
2790,33,278,3,2023-03-10T10:30:36.539900,Credit Card
2791,932,312,3,2023-03-25T10:30:36.539904,Debit Card
2792,830,386,5,2025-03-17T10:30:36.539908,Credit Card
2793,350,372,5,2024-08-06T10:30:36.539912,Gift Card
2794,802,374,1,2023-07-21T10:30:36.539916,Credit Card
2795,567,199,3,2023-05-29T10:30:36.539920,Crypto
2796,475,218,5,2023-10-19T10:30:36.539925,Crypto
2797,788,266,3,2025-05-11T10:30:36.539929,Gift Card
2798,479,382,2,2025-06-11T10:30:36.539933,Credit Card
2799,288,410,3,2025-07-29T10:30:36.539937,PayPal
2800,790,278,3,2024-11-13T10:30:36.539941,Crypto
2801,405,20,5,2025-01-17T10:30:36.539967,Debit Card
2802,276,338,3,2023-08-15T10:30:36.539975,Crypto
2803,13,64,3,2024-03-21T10:30:36.539980,Debit Card
2804,857,136,2,2024-07-27T10:30:36.539985,Gift Card
2805,18,226,1,2024-07-04T10:30:36.539989,Credit Card
2806,990,184,4,2024-01-10T10:30:36.539993,Crypto
2807,224,210,1,2024-03-10T10:30:36.539997,Credit Card
2808,284,460,5,2024-04-08T10:30:36.540001,Debit Card
2809,977,33,4,2025-04-23T10:30:36.540007,Debit Card
2810,785,403,3,2025-02-01T10:30:36.540012,Gift Card
2811,131,117,2,2025-05-27T10:30:36.540016,Crypto
2812,672,26,2,2025-06-29T10:30:36.540020,Credit Card
2813,189,351,5,2023-05-27T10:30:36.540024,Gift Card
2814,594,163,1,2024-04-06T10:30:36.540028,PayPal
2815,63,488,3,2023-01-30T10:30:36.540033,Debit Card
2816,17,348,3,2024-04-19T10:30:36.540037,Credit Card
2817,615,121,3,2025-07-05T10:30:36.540041,Credit Card
2818,520,228,1,2024-05-19T10:30:36.540045,Credit Card
2819,243,105,3,2024-03-19T10:30:36.540049,Debit Card
2820,850,422,4,2025-08-12T10:30:36.540053,Gift Card
2821,897,145,2,2025-09-29T10:30:36.540057,Debit Card
2822,622,404,3,2024-11-15T10:30:36.540061,Gift Card
2823,919,334,3,2024-06-30T10:30:36.540065,Debit Card
2824,637,16,2,2024-10-12T10:30:36.540069,Credit Card
2825,298,477,2,2023-04-05T10:30:36.540073,Crypto
2826,27,55,5,2025-03-22T10:30:36.540077,Debit Card
2827,524,367,5,2023-08-14T10:30:36.540081,Crypto
2828,730,177,2,2024-10-02T10:30:36.540086,Crypto
2829,34,337,2,2024-09-29T10:30:36.540091,Credit Card
2830,979,40,2,2024-03-25T10:30:36.540095,Crypto
2831,589,323,5,2023-10-04T10:30:36.540100,Gift Card
2832,552,376,1,2023-06-10T10:30:36.540104,Crypto
2833,818,27,5,2024-06-28T10:30:36.540108,Crypto
2834,533,226,3,2025-01-22T10:30:36.540112,PayPal
2835,857,295,3,2023-04-06T10:30:36.540116,PayPal
2836,337,125,3,2025-03-02T10:30:36.540120,Gift Card
2837,323,384,1,2023-11-15T10:30:36.540124,PayPal
2838,456,376,4,2024-10-19T10:30:36.540128,Credit Card
2839,361,287,5,2025-08-07T10:30:36.540132,Debit Card
2840,670,248,5,2025-03-03T10:30:36.540136,Gift Card
2841,806,215,2,2024-03-20T10:30:36.540141,PayPal
2842,948,276,2,2023-08-21T10:30:36.540145,Gift Card
2843,691,300,2,2024-02-12T10:30:36.540149,Debit Card
2844,815,147,3,2024-12-07T10:30:36.540153,Credit Card
2845,84,210,4,2024-05-25T10:30:36.540157,PayPal
2846,590,254,2,2023-04-17T10:30:36.540162,PayPal
2847,898,233,1,2025-05-07T10:30:36.540166,Credit Card
2848,429,135,5,2023-10-27T10:30:36.540171,Gift Card
2849,761,52,2,2023-05-18T10:30:36.540175,Credit Card
2850,854,221,1,2023-11-18T10:30:36.540180,PayPal
2851,75,68,5,2023-05-21T10:30:36.540184,Crypto
2852,941,199,4,2024-10-27T10:30:36.540190,PayPal
2853,412,357,5,2025-02-19T10:30:36.540194,Debit Card
2854,122,173,3,2024-02-27T10:30:36.540198,Crypto
2855,632,56,1,2025-08-10T10:30:36.540202,Debit Card
2856,973,230,4,2024-01-18T10:30:36.540206,Gift Card
2857,759,428,4,2025-01-01T10:30:36.540210,Gift Card
2858,717,69,2,2023-10-14T10:30:36.540214,Crypto
2859,939,420,5,2025-07-31T10:30:36.540218,PayPal
2860,918,4,5,2024-02-25T10:30:36.540222,Debit Card
2861,691,333,4,2024-10-01T10:30:36.540226,Debit Card
2862,450,91,5,2023-10-16T10:30:36.540231,Crypto
2863,287,484,1,2025-03-01T10:30:36.540235,Debit Card
2864,506,175,1,2024-03-26T10:30:36.540239,Crypto
2865,919,269,5,2024-05-22T10:30:36.540243,Gift Card
2866,293,166,4,2024-12-02T10:30:36.540247,PayPal
2867,977,74,1,2023-07-14T10:30:36.540251,PayPal
2868,441,266,3,2024-03-15T10:30:36.540256,Crypto
2869,322,51,3,2025-01-06T10:30:36.540260,PayPal
2870,122,148,3,2024-06-13T10:30:36.540265,Gift Card
2871,230,454,2,2025-01-02T10:30:36.540269,Debit Card
2872,621,386,1,2023-03-23T10:30:36.540273,PayPal
2873,683,143,2,2025-07-18T10:30:36.540277,PayPal
2874,566,430,5,2023-09-13T10:30:36.540281,PayPal
2875,29,307,1,2023-02-15T10:30:36.540286,Crypto
2876,551,410,2,2025-10-18T10:30:36.540290,Gift Card
2877,853,422,1,2024-10-11T10:30:36.540294,PayPal
2878,289,483,5,2024-08-14T10:30:36.540298,Gift Card
2879,534,65,4,2024-12-26T10:30:36.540302,Credit Card
2880,734,362,1,2024-07-26T10:30:36.540306,Gift Card
2881,506,135,1,2023-05-23T10:30:36.540310,PayPal
2882,286,375,1,2023-02-06T10:30:36.540315,Debit Card
2883,823,41,2,2023-10-11T10:30:36.540319,Credit Card
2884,335,81,5,2024-11-15T10:30:36.540323,Debit Card
2885,465,323,5,2023-12-06T10:30:36.540327,Credit Card
2886,724,353,3,2023-04-25T10:30:36.540331,Credit Card
2887,444,52,5,2024-12-03T10:30:36.540336,PayPal
2888,862,286,1,2023-02-26T10:30:36.540341,Credit Card
2889,252,71,5,2024-10-04T10:30:36.540345,PayPal
2890,690,101,3,2024-06-30T10:30:36.540349,PayPal
2891,497,417,2,2023-10-04T10:30:36.540353,Gift Card
2892,290,68,2,2024-01-13T10:30:36.540357,Credit Card
2893,974,265,2,2025-10-21T10:30:36.540361,Gift Card
2894,69,252,5,2024-02-07T10:30:36.540365,PayPal
2895,728,92,1,2024-08-22T10:30:36.540369,Debit Card
2896,629,195,5,2025-02-26T10:30:36.540373,Debit Card
2897,496,272,2,2023-05-10T10:30:36.540377,Debit Card
2898,861,119,3,2023-12-10T10:30:36.540381,Gift Card
2899,502,408,4,2024-02-20T10:30:36.540385,Debit Card
2900,557,247,3,2025-07-18T10:30:36.540389,PayPal
2901,116,494,3,2024-08-21T10:30:36.540393,Gift Card
2902,334,127,4,2025-06-28T10:30:36.540397,PayPal
2903,476,490,3,2023-12-18T10:30:36.540402,Credit Card
2904,356,357,4,2023-11-03T10:30:36.540407,PayPal
2905,793,452,4,2023-06-17T10:30:36.540411,Gift Card
2906,616,211,2,2025-09-25T10:30:36.540416,Debit Card
2907,275,260,2,2023-04-27T10:30:36.540422,Gift Card
2908,63,288,3,2025-01-30T10:30:36.540426,Debit Card
2909,422,201,4,2024-08-15T10:30:36.540430,Gift Card
2910,267,468,1,2025-01-23T10:30:36.540434,Gift Card
2911,746,113,3,2024-01-12T10:30:36.540438,Credit Card
2912,316,230,4,2025-03-12T10:30:36.540442,Crypto
2913,897,86,5,2025-03-27T10:30:36.540447,Credit Card
2914,971,496,5,2024-02-07T10:30:36.540452,Debit Card
2915,133,310,5,2025-10-04T10:30:36.540456,Credit Card
2916,822,195,1,2023-08-17T10:30:36.540460,Debit Card
2917,935,181,5,2025-08-21T10:30:36.540464,Credit Card
2918,532,108,3,2024-04-24T10:30:36.540468,PayPal
2919,161,430,5,2024-09-14T10:30:36.540472,PayPal
2920,298,411,2,2023-04-06T10:30:36.540476,Debit Card
2921,340,212,2,2024-04-06T10:30:36.540480,PayPal
2922,963,7,1,2023-06-12T10:30:36.540484,Credit Card
2923,774,482,5,2025-07-12T10:30:36.540488,Crypto
2924,408,406,4,2025-09-11T10:30:36.540492,PayPal
2925,290,155,1,2025-03-03T10:30:36.540496,PayPal
2926,35,140,1,2023-07-15T10:30:36.540501,Gift Card
2927,672,206,2,2023-07-10T10:30:36.540505,Debit Card
2928,883,44,1,2025-08-10T10:30:36.540509,Crypto
2929,740,361,4,2025-10-04T10:30:36.540514,Credit Card
2930,761,426,5,2024-02-13T10:30:36.540518,PayPal
2931,98,377,5,2023-08-05T10:30:36.540522,Gift Card
2932,199,426,5,2023-05-29T10:30:36.540526,Debit Card
2933,804,166,4,2024-05-18T10:30:36.540530,Credit Card
2934,310,141,4,2025-03-31T10:30:36.540534,Credit Card
2935,271,497,5,2024-06-29T10:30:36.540538,Gift Card
2936,299,220,1,2025-03-11T10:30:36.540542,Gift Card
2937,575,143,4,2025-01-06T10:30:36.540546,Crypto
2938,519,126,4,2025-10-07T10:30:36.540550,Gift Card
2939,746,202,3,2023-09-04T10:30:36.540554,Crypto
2940,732,56,4,2025-03-09T10:30:36.540559,Crypto
2941,999,13,4,2023-08-27T10:30:36.540563,PayPal
2942,458,190,4,2024-03-27T10:30:36.540567,Credit Card
2943,659,160,3,2025-05-30T10:30:36.540571,Credit Card
2944,98,288,2,2025-03-26T10:30:36.540575,Gift Card
2945,608,128,1,2025-06-02T10:30:36.540579,Gift Card
2946,632,430,4,2024-05-07T10:30:36.540584,Crypto
2947,779,120,1,2023-08-31T10:30:36.540589,Gift Card
2948,259,211,3,2023-09-27T10:30:36.540593,Debit Card
2949,855,78,1,2024-11-29T10:30:36.540597,Crypto
2950,614,209,1,2025-01-23T10:30:36.540601,PayPal
2951,774,288,4,2024-04-14T10:30:36.540605,Gift Card
2952,321,492,2,2024-11-29T10:30:36.540609,Gift Card
2953,726,248,5,2024-04-04T10:30:36.540614,Credit Card
2954,944,54,4,2023-11-08T10:30:36.540619,Credit Card
2955,385,66,1,2025-05-12T10:30:36.540624,Crypto
2956,767,63,2,2025-04-05T10:30:36.540627,Gift Card
2957,891,498,1,2025-09-15T10:30:36.540631,Gift Card
2958,508,88,5,2024-06-13T10:30:36.540638,PayPal
2959,767,448,5,2024-08-22T10:30:36.540642,Gift Card
2960,10,152,1,2024-08-05T10:30:36.540646,Debit Card
2961,738,473,3,2024-05-07T10:30:36.540650,Debit Card
2962,630,456,3,2024-03-26T10:30:36.540654,PayPal
2963,145,149,5,2023-11-23T10:30:36.540659,PayPal
2964,823,315,3,2024-05-11T10:30:36.540663,Crypto
2965,258,242,4,2025-03-23T10:30:36.540678,Debit Card
2966,950,383,2,2025-05-09T10:30:36.540683,Crypto
2967,733,425,4,2025-10-14T10:30:36.540687,Debit Card
2968,427,92,2,2024-06-30T10:30:36.540691,Credit Card
2969,6,160,2,2025-04-03T10:30:36.540695,Credit Card
2970,551,235,3,2025-07-20T10:30:36.540699,Credit Card
2971,640,240,5,2025-05-17T10:30:36.540703,Credit Card
2972,359,326,5,2023-05-04T10:30:36.540707,PayPal
2973,354,322,1,2023-03-19T10:30:36.540711,PayPal
2974,282,146,4,2024-03-05T10:30:36.540715,Debit Card
2975,377,320,4,2023-03-13T10:30:36.540720,Debit Card
2976,575,278,2,2025-08-06T10:30:36.540724,Crypto
2977,157,53,2,2025-01-11T10:30:36.540749,PayPal
2978,270,289,1,2025-06-17T10:30:36.540755,Crypto
2979,602,331,4,2024-11-20T10:30:36.540759,Crypto
2980,791,437,5,2024-02-13T10:30:36.540763,Debit Card
2981,990,414,5,2023-12-10T10:30:36.540767,Gift Card
2982,215,87,1,2023-08-14T10:30:36.540772,PayPal
2983,222,47,5,2025-05-27T10:30:36.540776,PayPal
2984,169,244,1,2024-11-27T10:30:36.540780,Credit Card
2985,918,497,1,2025-06-06T10:30:36.540802,Crypto
2986,827,226,4,2023-12-14T10:30:36.540810,Gift Card
2987,335,155,5,2023-09-07T10:30:36.540815,Credit Card
2988,247,287,4,2024-10-03T10:30:36.540819,Gift Card
2989,724,243,3,2024-12-09T10:30:36.540823,Crypto
2990,325,272,1,2023-05-04T10:30:36.540828,Crypto
2991,863,110,2,2023-03-01T10:30:36.540832,Debit Card
2992,729,74,4,2024-03-30T10:30:36.540836,Gift Card
2993,502,356,3,2023-11-23T10:30:36.540840,Credit Card
2994,572,461,4,2023-12-27T10:30:36.540844,Debit Card
2995,183,13,3,2023-06-02T10:30:36.540848,Gift Card
2996,790,344,3,2023-10-10T10:30:36.540852,Gift Card
2997,219,316,5,2023-05-11T10:30:36.540856,PayPal
2998,392,192,2,2023-03-14T10:30:36.540860,Credit Card
2999,201,227,3,2024-05-04T10:30:36.540864,PayPal
3000,6,301,3,2024-11-22T10:30:36.540868,Credit Card
3001,933,189,3,2024-05-28T10:30:36.540872,Credit Card
3002,622,140,1,2024-01-01T10:30:36.540876,Debit Card
3003,658,246,4,2025-09-10T10:30:36.540881,Debit Card
3004,281,321,1,2023-02-03T10:30:36.540887,Crypto
3005,844,16,4,2024-02-10T10:30:36.540892,Gift Card
3006,503,89,4,2023-09-18T10:30:36.540897,Crypto
3007,827,54,1,2024-10-11T10:30:36.540901,Credit Card
3008,628,458,2,2023-11-02T10:30:36.540905,PayPal
3009,892,436,2,2025-08-01T10:30:36.540909,Gift Card
3010,855,434,1,2025-08-28T10:30:36.540913,Gift Card
3011,653,364,1,2024-12-07T10:30:36.540917,Credit Card
3012,879,279,3,2023-06-04T10:30:36.540922,PayPal
3013,671,315,1,2024-11-18T10:30:36.540926,Debit Card
3014,920,364,2,2023-04-11T10:30:36.540930,Crypto
3015,740,484,3,2024-05-14T10:30:36.540934,Credit Card
3016,964,341,4,2024-08-24T10:30:36.540938,Credit Card
3017,67,99,5,2025-05-26T10:30:36.540942,Debit Card
3018,86,89,4,2025-09-09T10:30:36.540946,Debit Card
3019,624,102,5,2024-08-31T10:30:36.540951,PayPal
3020,651,383,1,2024-12-10T10:30:36.540955,Debit Card
3021,575,180,1,2024-11-09T10:30:36.540959,Gift Card
3022,582,429,1,2024-03-24T10:30:36.540963,Gift Card
3023,91,60,1,2025-04-21T10:30:36.540967,Credit Card
3024,191,163,5,2024-01-22T10:30:36.540976,Credit Card
3025,786,87,1,2025-03-16T10:30:36.540981,Debit Card
3026,472,42,2,2024-12-13T10:30:36.540985,PayPal
3027,766,387,2,2024-12-11T10:30:36.540989,Credit Card
3028,389,362,3,2025-04-25T10:30:36.540993,Debit Card
3029,144,290,3,2024-08-27T10:30:36.540998,PayPal
3030,856,97,3,2023-05-04T10:30:36.541002,PayPal
3031,182,152,3,2023-11-10T10:30:36.541006,Gift Card
3032,271,48,4,2024-10-26T10:30:36.541010,Crypto
3033,373,179,5,2024-07-21T10:30:36.541014,PayPal
3034,38,487,5,2024-09-25T10:30:36.541018,PayPal
3035,551,292,2,2023-11-05T10:30:36.541022,Gift Card
3036,356,331,3,2025-03-26T10:30:36.541026,Debit Card
3037,717,496,5,2024-04-08T10:30:36.541030,Debit Card
3038,93,263,2,2025-02-02T10:30:36.541034,PayPal
3039,479,134,1,2023-03-25T10:30:36.541038,Credit Card
3040,530,338,2,2024-06-25T10:30:36.541043,PayPal
3041,479,301,3,2024-10-08T10:30:36.541048,Crypto
3042,387,338,5,2023-04-16T10:30:36.541052,Credit Card
3043,331,360,1,2024-01-19T10:30:36.541057,Debit Card
3044,891,462,1,2025-05-15T10:30:36.541061,Gift Card
3045,487,172,3,2023-12-31T10:30:36.541065,Credit Card
3046,192,468,3,2024-12-15T10:30:36.541069,PayPal
3047,479,280,2,2023-09-15T10:30:36.541074,Credit Card
3048,450,415,5,2024-07-14T10:30:36.541078,Crypto
3049,590,356,4,2023-10-07T10:30:36.541082,Gift Card
3050,485,428,2,2025-02-08T10:30:36.541086,Debit Card
3051,616,173,4,2023-11-30T10:30:36.541090,Gift Card
3052,308,21,2,2023-09-04T10:30:36.541094,Crypto
3053,111,216,4,2023-08-24T10:30:36.541098,Debit Card
3054,977,296,4,2024-02-25T10:30:36.541102,Credit Card
3055,168,263,2,2023-03-25T10:30:36.541107,Debit Card
3056,908,306,5,2025-04-04T10:30:36.541112,Crypto
3057,770,72,2,2023-12-15T10:30:36.541116,Debit Card
3058,808,492,1,2023-02-04T10:30:36.541120,Credit Card
3059,317,406,2,2023-07-27T10:30:36.541124,Debit Card
3060,470,203,2,2024-07-10T10:30:36.541128,Credit Card
3061,675,76,2,2023-05-04T10:30:36.541133,PayPal
3062,309,158,1,2025-04-18T10:30:36.541137,PayPal
3063,879,105,4,2025-07-24T10:30:36.541142,PayPal
3064,158,351,5,2023-06-12T10:30:36.541146,Debit Card
3065,6,245,2,2024-11-06T10:30:36.541150,Credit Card
3066,483,282,4,2023-11-09T10:30:36.541154,PayPal
3067,935,242,4,2023-06-26T10:30:36.541158,Gift Card
3068,724,125,1,2024-09-23T10:30:36.541163,PayPal
3069,326,391,2,2024-09-10T10:30:36.541167,Debit Card
3070,920,145,4,2024-02-21T10:30:36.541171,Gift Card
3071,547,37,3,2024-06-11T10:30:36.541175,Crypto
3072,28,114,5,2025-04-25T10:30:36.541179,PayPal
3073,378,186,3,2024-05-29T10:30:36.541183,Credit Card
3074,626,307,4,2023-04-02T10:30:36.541187,Credit Card
3075,662,118,2,2024-05-31T10:30:36.541191,PayPal
3076,46,109,3,2024-08-05T10:30:36.541195,Credit Card
3077,348,197,2,2024-08-15T10:30:36.541199,PayPal
3078,292,160,4,2023-12-03T10:30:36.541203,Gift Card
3079,36,134,4,2025-04-24T10:30:36.541207,PayPal
3080,408,350,5,2023-06-23T10:30:36.541211,Credit Card
3081,477,413,1,2024-11-04T10:30:36.541216,Credit Card
3082,672,442,4,2023-07-25T10:30:36.541221,Credit Card
3083,165,164,2,2024-03-15T10:30:36.541225,Crypto
3084,394,352,4,2025-10-13T10:30:36.541229,Gift Card
3085,670,492,4,2024-08-18T10:30:36.541233,Credit Card
3086,311,218,3,2023-09-26T10:30:36.541237,Credit Card
3087,619,414,4,2024-05-28T10:30:36.541242,Debit Card
3088,800,243,3,2023-06-13T10:30:36.541246,Crypto
3089,996,187,1,2023-08-12T10:30:36.541250,PayPal
3090,435,273,4,2023-05-17T10:30:36.541254,Credit Card
3091,154,4,3,2023-02-27T10:30:36.541258,Crypto
3092,265,102,5,2023-07-15T10:30:36.541262,Crypto
3093,746,447,4,2024-08-05T10:30:36.541266,Credit Card
3094,476,145,1,2025-06-22T10:30:36.541270,Gift Card
3095,472,188,1,2023-04-28T10:30:36.541274,Crypto
3096,703,190,3,2024-08-15T10:30:36.541278,Debit Card
3097,692,152,1,2024-04-17T10:30:36.541282,Debit Card
3098,184,151,3,2024-08-23T10:30:36.541286,Credit Card
3099,458,167,3,2024-01-12T10:30:36.541290,Credit Card
3100,611,58,3,2023-10-06T10:30:36.541294,Credit Card
3101,545,379,4,2025-02-12T10:30:36.541298,PayPal
3102,87,274,1,2025-06-17T10:30:36.541304,PayPal
3103,649,253,4,2023-04-24T10:30:36.541308,Debit Card
3104,354,498,4,2023-11-19T10:30:36.541312,Crypto
3105,250,471,5,2024-03-21T10:30:36.541318,Gift Card
3106,42,40,3,2024-10-08T10:30:36.541322,Credit Card
3107,151,312,1,2024-09-28T10:30:36.541326,Crypto
3108,743,41,3,2023-03-20T10:30:36.541332,Debit Card
3109,433,206,1,2025-04-19T10:30:36.541336,Debit Card
3110,739,335,1,2023-06-21T10:30:36.541346,Gift Card
3111,989,60,2,2024-03-19T10:30:36.541350,Debit Card
3112,311,316,5,2024-04-20T10:30:36.541354,PayPal
3113,711,410,1,2024-10-06T10:30:36.541358,Crypto
3114,485,111,4,2025-01-16T10:30:36.541363,PayPal
3115,284,257,1,2024-02-13T10:30:36.541367,Gift Card
3116,932,93,3,2025-01-18T10:30:36.541371,Credit Card
3117,417,107,1,2023-08-16T10:30:36.541375,Gift Card
3118,673,67,3,2025-01-24T10:30:36.541379,Gift Card
3119,614,405,3,2025-07-17T10:30:36.541383,PayPal
3120,231,10,3,2025-03-12T10:30:36.541387,Credit Card
3121,627,148,5,2023-07-01T10:30:36.541393,Gift Card
3122,603,216,5,2024-11-22T10:30:36.541398,Crypto
3123,399,244,5,2025-10-12T10:30:36.541402,Debit Card
3124,349,164,3,2023-07-05T10:30:36.541406,Gift Card
3125,156,237,4,2025-03-23T10:30:36.541410,Crypto
3126,715,88,4,2025-02-05T10:30:36.541414,Gift Card
3127,34,339,5,2023-02-07T10:30:36.541418,Credit Card
3128,647,250,5,2024-11-05T10:30:36.541422,Credit Card
3129,213,383,5,2024-10-11T10:30:36.541427,Debit Card
3130,299,385,3,2024-07-19T10:30:36.541431,Gift Card
3131,31,80,5,2024-03-05T10:30:36.541436,PayPal
3132,640,181,5,2024-08-09T10:30:36.541441,Gift Card
3133,784,12,3,2024-04-03T10:30:36.541445,Gift Card
3134,241,193,5,2025-06-12T10:30:36.541450,Gift Card
3135,622,486,1,2025-07-17T10:30:36.541454,Gift Card
3136,224,109,1,2024-03-19T10:30:36.541458,Debit Card
3137,183,443,2,2023-08-31T10:30:36.541462,Gift Card
3138,564,210,3,2023-09-16T10:30:36.541466,PayPal
3139,429,462,5,2025-01-12T10:30:36.541470,Debit Card
3140,789,186,1,2023-12-14T10:30:36.541474,Debit Card
3141,515,275,5,2024-09-18T10:30:36.541499,PayPal
3142,880,207,4,2023-09-11T10:30:36.541507,Gift Card
3143,294,423,4,2025-05-17T10:30:36.541512,PayPal
3144,410,148,1,2024-04-27T10:30:36.541516,Debit Card
3145,782,238,2,2023-11-25T10:30:36.541520,Credit Card
3146,393,298,4,2023-01-31T10:30:36.541525,Gift Card
3147,421,97,1,2024-01-30T10:30:36.541529,PayPal
3148,142,313,5,2024-05-27T10:30:36.541533,Credit Card
3149,614,293,4,2023-03-01T10:30:36.541537,Credit Card
3150,333,313,2,2025-05-07T10:30:36.541542,Crypto
3151,641,242,1,2023-02-23T10:30:36.541546,Debit Card
3152,24,381,5,2023-05-04T10:30:36.541550,Gift Card
3153,566,262,2,2023-06-07T10:30:36.541554,PayPal
3154,469,189,2,2025-04-28T10:30:36.541558,Gift Card
3155,960,365,2,2024-11-28T10:30:36.541562,PayPal
3156,301,34,1,2025-03-27T10:30:36.541566,Crypto
3157,473,236,2,2023-11-24T10:30:36.541570,Crypto
3158,455,124,2,2023-02-01T10:30:36.541576,Gift Card
3159,513,329,1,2023-07-25T10:30:36.541580,Crypto
3160,858,170,2,2025-02-16T10:30:36.541586,Gift Card
3161,740,493,1,2025-10-17T10:30:36.541590,Credit Card
3162,699,347,4,2023-05-21T10:30:36.541594,Crypto
3163,482,442,4,2025-08-13T10:30:36.541598,Gift Card
3164,981,134,5,2025-06-23T10:30:36.541602,Crypto
3165,663,274,1,2024-08-01T10:30:36.541608,Gift Card
3166,848,372,1,2024-12-29T10:30:36.541612,Gift Card
3167,849,422,1,2024-10-17T10:30:36.541616,Gift Card
3168,734,475,5,2024-01-19T10:30:36.541622,Gift Card
3169,439,404,1,2025-07-10T10:30:36.541626,PayPal
3170,868,135,5,2023-09-14T10:30:36.541630,Credit Card
3171,740,87,3,2024-08-28T10:30:36.541634,Debit Card
3172,146,468,2,2023-08-02T10:30:36.541638,Gift Card
3173,216,136,1,2024-11-21T10:30:36.541642,Credit Card
3174,470,461,4,2023-09-15T10:30:36.541646,PayPal
3175,776,134,3,2024-12-26T10:30:36.541650,Gift Card
3176,339,404,4,2023-11-08T10:30:36.541654,Debit Card
3177,582,141,5,2025-09-18T10:30:36.541658,PayPal
3178,152,268,3,2025-09-28T10:30:36.541662,PayPal
3179,902,190,5,2024-10-18T10:30:36.541666,Debit Card
3180,315,484,2,2024-03-22T10:30:36.541671,Debit Card
3181,487,366,4,2023-12-05T10:30:36.541675,Debit Card
3182,159,381,2,2025-05-27T10:30:36.541679,Crypto
3183,300,440,4,2025-02-03T10:30:36.541683,PayPal
3184,29,436,2,2024-03-06T10:30:36.541687,Debit Card
3185,152,300,1,2025-02-01T10:30:36.541691,Debit Card
3186,739,261,5,2024-09-04T10:30:36.541695,Gift Card
3187,634,461,2,2023-02-02T10:30:36.541699,Debit Card
3188,660,80,5,2023-06-04T10:30:36.541704,Crypto
3189,322,268,3,2024-10-02T10:30:36.541707,Gift Card
3190,664,87,5,2024-06-18T10:30:36.541712,PayPal
3191,496,460,4,2025-10-10T10:30:36.541715,Credit Card
3192,351,116,3,2025-03-27T10:30:36.541719,PayPal
3193,154,143,5,2023-08-20T10:30:36.541723,Credit Card
3194,666,101,3,2024-06-01T10:30:36.541727,Gift Card
3195,584,468,1,2023-06-17T10:30:36.541731,Crypto
3196,920,117,2,2024-10-17T10:30:36.541736,Credit Card
3197,409,321,1,2023-02-23T10:30:36.541740,Debit Card
3198,520,35,3,2024-04-06T10:30:36.541744,Crypto
3199,867,380,5,2023-05-15T10:30:36.541749,Credit Card
3200,994,409,1,2024-07-24T10:30:36.541753,Crypto
3201,536,127,2,2025-02-04T10:30:36.541757,PayPal
3202,707,480,2,2025-03-05T10:30:36.541761,Gift Card
3203,182,21,5,2025-01-25T10:30:36.541765,Crypto
3204,285,47,2,2023-10-05T10:30:36.541769,Credit Card
3205,928,463,2,2024-05-07T10:30:36.541773,Debit Card
3206,63,107,2,2025-02-17T10:30:36.541777,Crypto
3207,780,298,4,2024-07-06T10:30:36.541781,Credit Card
3208,550,452,1,2024-12-02T10:30:36.541785,Credit Card
3209,202,245,1,2024-07-29T10:30:36.541791,Credit Card
3210,488,102,1,2024-04-17T10:30:36.541795,Crypto
3211,221,307,4,2024-12-21T10:30:36.541799,Crypto
3212,10,298,4,2023-05-27T10:30:36.541803,Credit Card
3213,738,454,4,2023-08-20T10:30:36.541807,PayPal
3214,604,413,5,2023-09-12T10:30:36.541811,Gift Card
3215,1,129,4,2024-02-17T10:30:36.541815,Debit Card
3216,505,324,2,2024-11-22T10:30:36.541819,Crypto
3217,495,264,3,2023-02-23T10:30:36.541823,Debit Card
3218,271,445,5,2025-02-12T10:30:36.541827,Debit Card
3219,282,348,5,2024-05-27T10:30:36.541832,Debit Card
3220,641,226,1,2023-01-28T10:30:36.541836,PayPal
3221,500,4,3,2023-04-24T10:30:36.541840,Crypto
3222,482,254,2,2025-04-24T10:30:36.541844,Credit Card
3223,779,222,3,2025-07-20T10:30:36.541848,Gift Card
3224,351,327,5,2023-07-05T10:30:36.541852,PayPal
3225,199,399,1,2023-09-04T10:30:36.541856,PayPal
3226,219,158,5,2024-12-16T10:30:36.541860,Debit Card
3227,785,272,4,2025-07-11T10:30:36.541864,Debit Card
3228,950,313,2,2024-03-19T10:30:36.541869,PayPal
3229,332,81,2,2023-09-01T10:30:36.541873,Gift Card
3230,805,88,2,2024-02-08T10:30:36.541876,PayPal
3231,334,490,5,2024-06-26T10:30:36.541880,Crypto
3232,808,214,3,2025-03-04T10:30:36.541886,Debit Card
3233,484,479,3,2024-10-10T10:30:36.541890,PayPal
3234,314,171,3,2023-06-28T10:30:36.541894,Debit Card
3235,461,158,4,2024-03-27T10:30:36.541898,Gift Card
3236,781,214,1,2023-09-05T10:30:36.541902,Gift Card
3237,57,496,4,2024-10-27T10:30:36.541906,PayPal
3238,999,234,3,2025-10-05T10:30:36.541911,PayPal
3239,214,339,3,2024-12-27T10:30:36.541915,Debit Card
3240,25,165,4,2023-08-07T10:30:36.541919,Gift Card
3241,334,286,5,2023-09-29T10:30:36.541923,PayPal
3242,817,111,5,2024-05-27T10:30:36.541927,Gift Card
3243,877,141,1,2025-08-09T10:30:36.541931,PayPal
3244,165,167,4,2023-03-05T10:30:36.541935,Crypto
3245,482,488,1,2023-08-17T10:30:36.541939,Gift Card
3246,705,492,4,2025-02-11T10:30:36.541943,Debit Card
3247,622,301,4,2025-08-25T10:30:36.541948,Credit Card
3248,58,328,3,2025-01-15T10:30:36.541952,Crypto
3249,379,225,3,2025-07-03T10:30:36.541956,Gift Card
3250,138,451,1,2024-11-26T10:30:36.541961,Gift Card
3251,845,78,2,2024-02-29T10:30:36.541966,Debit Card
3252,588,103,5,2025-07-26T10:30:36.541970,Gift Card
3253,252,168,5,2024-04-13T10:30:36.541973,Debit Card
3254,571,272,3,2023-11-18T10:30:36.541977,Credit Card
3255,144,396,1,2023-05-17T10:30:36.541981,Debit Card
3256,981,437,3,2023-04-12T10:30:36.541986,Gift Card
3257,766,453,2,2025-04-19T10:30:36.541991,Debit Card
3258,480,117,4,2024-10-19T10:30:36.541996,Debit Card
3259,204,347,3,2025-02-05T10:30:36.542000,Crypto
3260,766,478,1,2025-06-03T10:30:36.542006,Credit Card
3261,658,211,4,2024-09-14T10:30:36.542010,Gift Card
3262,818,25,5,2025-08-24T10:30:36.542014,Crypto
3263,383,9,5,2024-08-03T10:30:36.542018,Credit Card
3264,983,259,3,2023-08-07T10:30:36.542022,Crypto
3265,504,145,5,2024-11-17T10:30:36.542026,Credit Card
3266,753,39,5,2025-07-22T10:30:36.542030,Crypto
3267,800,58,5,2025-05-15T10:30:36.542034,Crypto
3268,867,436,1,2024-03-16T10:30:36.542038,Gift Card
3269,625,333,2,2023-09-16T10:30:36.542042,Credit Card
3270,786,351,4,2023-07-10T10:30:36.542046,Debit Card
3271,477,232,2,2023-12-28T10:30:36.542050,Debit Card
3272,75,94,5,2024-11-11T10:30:36.542054,Gift Card
3273,541,400,4,2023-04-28T10:30:36.542058,Credit Card
3274,412,295,3,2025-10-18T10:30:36.542062,Crypto
3275,849,200,1,2025-10-16T10:30:36.542066,PayPal
3276,331,219,2,2025-02-01T10:30:36.542070,PayPal
3277,599,346,3,2024-04-27T10:30:36.542075,Gift Card
3278,670,341,2,2023-08-28T10:30:36.542079,Crypto
3279,948,182,5,2025-05-21T10:30:36.542083,PayPal
3280,792,76,2,2024-12-13T10:30:36.542087,PayPal
3281,104,14,5,2024-02-16T10:30:36.542091,Credit Card
3282,799,66,5,2024-11-02T10:30:36.542095,Credit Card
3283,336,446,3,2023-03-19T10:30:36.542099,PayPal
3284,674,107,2,2024-12-18T10:30:36.542103,PayPal
3285,435,139,2,2023-03-11T10:30:36.542107,PayPal
3286,791,182,1,2025-06-06T10:30:36.542111,Gift Card
3287,127,428,4,2025-09-28T10:30:36.542115,Gift Card
3288,889,381,2,2024-09-30T10:30:36.542119,Credit Card
3289,458,225,4,2025-04-04T10:30:36.542123,PayPal
3290,790,195,5,2023-07-13T10:30:36.542127,Credit Card
3291,96,497,2,2024-05-24T10:30:36.542131,Crypto
3292,742,265,1,2025-05-11T10:30:36.542135,PayPal
3293,124,482,4,2023-09-27T10:30:36.542139,Crypto
3294,367,384,3,2024-08-25T10:30:36.542143,PayPal
3295,216,47,5,2024-10-21T10:30:36.542147,Gift Card
3296,262,261,1,2023-03-02T10:30:36.542152,Gift Card
3297,17,4,4,2023-07-25T10:30:36.542175,Gift Card
3298,410,493,1,2024-10-26T10:30:36.542183,Debit Card
3299,969,159,1,2024-08-06T10:30:36.542187,Debit Card
3300,235,360,1,2023-12-28T10:30:36.542192,Gift Card
3301,897,242,1,2023-02-23T10:30:36.542196,Debit Card
3302,748,332,3,2025-09-08T10:30:36.542200,PayPal
3303,868,128,2,2024-03-25T10:30:36.542204,Credit Card
3304,132,266,2,2025-06-03T10:30:36.542208,Gift Card
3305,781,20,1,2024-02-22T10:30:36.542212,PayPal
3306,888,379,3,2024-10-09T10:30:36.542216,Crypto
3307,425,422,2,2024-08-21T10:30:36.542220,PayPal
3308,179,480,5,2023-02-09T10:30:36.542224,PayPal
3309,760,415,2,2024-10-16T10:30:36.542228,Credit Card
3310,806,84,1,2024-06-02T10:30:36.542232,PayPal
3311,314,207,3,2023-04-08T10:30:36.542237,Debit Card
3312,637,165,1,2023-08-14T10:30:36.542242,Credit Card
3313,340,15,4,2025-09-19T10:30:36.542246,PayPal
3314,936,209,1,2024-04-20T10:30:36.542250,Gift Card
3315,781,307,5,2025-05-04T10:30:36.542254,PayPal
3316,103,8,3,2023-04-20T10:30:36.542259,PayPal
3317,95,215,1,2025-07-01T10:30:36.542263,Gift Card
3318,476,213,5,2024-07-31T10:30:36.542268,PayPal
3319,878,309,1,2024-12-10T10:30:36.542272,Gift Card
3320,481,461,3,2025-06-15T10:30:36.542276,Debit Card
3321,673,277,3,2023-02-18T10:30:36.542279,Crypto
3322,685,367,1,2024-06-22T10:30:36.542283,Gift Card
3323,767,426,5,2025-04-07T10:30:36.542287,PayPal
3324,225,264,2,2023-07-23T10:30:36.542291,PayPal
3325,231,338,1,2023-09-24T10:30:36.542295,Credit Card
3326,735,207,3,2023-04-30T10:30:36.542299,Crypto
3327,108,128,2,2025-02-10T10:30:36.542303,PayPal
3328,748,338,3,2024-11-22T10:30:36.542307,Gift Card
3329,685,303,5,2024-05-13T10:30:36.542311,Crypto
3330,905,137,2,2024-11-23T10:30:36.542315,Gift Card
3331,384,339,2,2024-03-10T10:30:36.542319,Credit Card
3332,766,464,4,2024-01-16T10:30:36.542323,Credit Card
3333,814,102,2,2025-10-10T10:30:36.542327,PayPal
3334,650,18,2,2025-05-12T10:30:36.542331,Gift Card
3335,331,6,5,2024-06-19T10:30:36.542335,Gift Card
3336,879,177,2,2024-01-20T10:30:36.542340,Crypto
3337,416,232,2,2024-07-17T10:30:36.542344,Crypto
3338,270,280,4,2025-06-26T10:30:36.542348,Debit Card
3339,672,394,5,2023-03-23T10:30:36.542352,Debit Card
3340,346,457,2,2025-02-05T10:30:36.542356,Debit Card
3341,827,447,4,2023-08-26T10:30:36.542360,Crypto
3342,468,340,1,2023-12-10T10:30:36.542364,Debit Card
3343,782,266,3,2025-08-21T10:30:36.542368,Debit Card
3344,437,329,1,2023-02-10T10:30:36.542372,Crypto
3345,130,49,2,2023-01-30T10:30:36.542376,Gift Card
3346,850,57,1,2024-04-09T10:30:36.542380,Debit Card
3347,130,448,3,2024-12-14T10:30:36.542384,Gift Card
3348,447,284,1,2023-02-08T10:30:36.542388,Crypto
3349,187,204,5,2025-04-08T10:30:36.542393,PayPal
3350,861,349,2,2023-08-22T10:30:36.542397,Credit Card
3351,204,376,3,2024-05-04T10:30:36.542401,Crypto
3352,799,78,5,2023-05-28T10:30:36.542405,Crypto
3353,538,25,5,2024-10-18T10:30:36.542409,Crypto
3354,236,356,5,2025-05-07T10:30:36.542413,Debit Card
3355,163,52,2,2024-01-13T10:30:36.542418,Crypto
3356,232,432,2,2024-04-19T10:30:36.542422,Crypto
3357,435,440,2,2025-01-12T10:30:36.542426,Credit Card
3358,983,497,4,2024-12-25T10:30:36.542431,Gift Card
3359,923,268,4,2023-04-23T10:30:36.542434,Gift Card
3360,480,165,2,2023-10-17T10:30:36.542440,Debit Card
3361,1,39,3,2023-10-30T10:30:36.542444,Crypto
3362,685,160,2,2023-03-24T10:30:36.542449,Crypto
3363,609,492,1,2025-08-25T10:30:36.542453,Gift Card
3364,144,74,4,2023-07-05T10:30:36.542457,PayPal
3365,783,498,2,2024-09-19T10:30:36.542461,PayPal
3366,662,215,4,2024-02-27T10:30:36.542465,PayPal
3367,255,428,3,2025-08-13T10:30:36.542469,PayPal
3368,987,486,3,2025-06-03T10:30:36.542472,Gift Card
3369,127,372,5,2023-03-02T10:30:36.542476,PayPal
3370,211,228,2,2023-12-06T10:30:36.542480,Debit Card
3371,779,168,1,2024-01-11T10:30:36.542484,Credit Card
3372,534,160,5,2025-07-11T10:30:36.542488,Crypto
3373,483,119,4,2024-12-23T10:30:36.542492,Credit Card
3374,555,381,5,2024-07-16T10:30:36.542496,PayPal
3375,73,451,3,2023-05-12T10:30:36.542501,Debit Card
3376,973,21,4,2023-06-19T10:30:36.542505,Debit Card
3377,116,321,4,2024-08-14T10:30:36.542509,Crypto
3378,173,449,4,2023-09-09T10:30:36.542513,Debit Card
3379,231,268,1,2025-07-26T10:30:36.542517,Crypto
3380,983,307,3,2025-02-19T10:30:36.542521,Gift Card
3381,857,360,4,2024-08-19T10:30:36.542525,Credit Card
3382,654,54,3,2023-06-15T10:30:36.542529,Debit Card
3383,927,129,5,2024-11-22T10:30:36.542533,Gift Card
3384,683,429,3,2024-10-24T10:30:36.542537,Credit Card
3385,14,52,4,2025-02-18T10:30:36.542542,Crypto
3386,507,114,5,2024-08-06T10:30:36.542546,Debit Card
3387,107,400,4,2024-03-29T10:30:36.542551,Crypto
3388,858,290,4,2024-02-11T10:30:36.542555,Crypto
3389,892,474,4,2025-09-11T10:30:36.542559,Crypto
3390,111,303,1,2024-03-14T10:30:36.542563,Credit Card
3391,121,495,2,2024-10-20T10:30:36.542566,Crypto
3392,689,364,5,2024-08-19T10:30:36.542570,Gift Card
3393,736,382,1,2024-11-03T10:30:36.542574,Gift Card
3394,873,236,5,2023-05-24T10:30:36.542579,Crypto
3395,39,482,4,2023-07-15T10:30:36.542584,Gift Card
3396,686,465,1,2025-03-17T10:30:36.542588,Crypto
3397,186,13,3,2025-07-15T10:30:36.542592,Debit Card
3398,943,212,1,2023-10-09T10:30:36.542596,Gift Card
3399,870,457,3,2024-10-22T10:30:36.542600,Debit Card
3400,361,499,2,2025-01-14T10:30:36.542604,Gift Card
3401,803,25,3,2024-07-12T10:30:36.542608,Debit Card
3402,788,407,2,2025-03-24T10:30:36.542612,Crypto
3403,790,443,5,2023-12-31T10:30:36.542616,Debit Card
3404,759,206,3,2023-08-17T10:30:36.542620,PayPal
3405,865,256,1,2024-11-17T10:30:36.542623,Debit Card
3406,632,276,2,2024-12-04T10:30:36.542627,Debit Card
3407,104,469,1,2024-01-09T10:30:36.542631,Gift Card
3408,321,319,4,2024-01-09T10:30:36.542635,PayPal
3409,775,196,2,2025-01-26T10:30:36.542639,Gift Card
3410,360,173,4,2023-04-21T10:30:36.542643,Debit Card
3411,773,82,2,2024-11-28T10:30:36.542647,Credit Card
3412,115,98,5,2024-12-11T10:30:36.542651,Crypto
3413,718,329,5,2024-12-25T10:30:36.542656,Crypto
3414,552,92,4,2024-01-30T10:30:36.542661,Credit Card
3415,204,48,1,2023-10-27T10:30:36.542665,Crypto
3416,937,449,4,2023-06-05T10:30:36.542669,Debit Card
3417,150,367,3,2024-04-27T10:30:36.542673,Debit Card
3418,407,69,4,2025-07-10T10:30:36.542677,Debit Card
3419,629,292,1,2024-11-27T10:30:36.542681,PayPal
3420,454,423,1,2025-02-15T10:30:36.542685,Crypto
3421,159,342,3,2025-09-28T10:30:36.542689,Gift Card
3422,230,427,2,2025-02-15T10:30:36.542693,PayPal
3423,451,332,2,2025-05-29T10:30:36.542699,Credit Card
3424,304,125,1,2023-05-30T10:30:36.542703,Crypto
3425,495,430,4,2024-08-26T10:30:36.542707,Crypto
3426,565,291,2,2024-08-28T10:30:36.542711,PayPal
3427,869,266,5,2024-09-10T10:30:36.542715,Crypto
3428,910,462,4,2023-09-21T10:30:36.542719,Debit Card
3429,724,408,3,2023-07-25T10:30:36.542724,Debit Card
3430,442,190,3,2023-04-17T10:30:36.542727,PayPal
3431,328,277,3,2025-08-07T10:30:36.542731,PayPal
3432,330,441,2,2023-08-02T10:30:36.542736,Crypto
3433,593,66,1,2023-03-30T10:30:36.542741,Crypto
3434,726,244,5,2024-12-07T10:30:36.542745,Credit Card
3435,827,424,5,2025-03-05T10:30:36.542749,Debit Card
3436,735,360,5,2023-07-07T10:30:36.542753,PayPal
3437,477,138,5,2023-06-21T10:30:36.542757,Credit Card
3438,472,317,4,2024-06-02T10:30:36.542761,Crypto
3439,447,34,2,2025-10-02T10:30:36.542765,Crypto
3440,460,287,1,2023-04-21T10:30:36.542769,Debit Card
3441,489,445,2,2025-08-20T10:30:36.542773,Debit Card
3442,67,489,3,2024-03-20T10:30:36.542777,Debit Card
3443,971,460,1,2023-10-25T10:30:36.542781,Crypto
3444,503,221,2,2024-09-14T10:30:36.542786,PayPal
3445,678,232,3,2024-04-21T10:30:36.542803,Debit Card
3446,339,120,5,2023-07-30T10:30:36.542808,Crypto
3447,969,209,2,2023-09-01T10:30:36.542812,Crypto
3448,698,301,3,2023-05-25T10:30:36.542816,Credit Card
3449,995,313,1,2023-10-26T10:30:36.542820,Debit Card
3450,602,62,1,2024-02-04T10:30:36.542824,Credit Card
3451,543,212,2,2023-10-05T10:30:36.542828,PayPal
3452,255,308,2,2023-06-22T10:30:36.542832,PayPal
3453,31,333,4,2023-10-09T10:30:36.542838,Credit Card
3454,340,46,1,2023-03-01T10:30:36.542842,Gift Card
3455,588,359,4,2023-07-23T10:30:36.542846,Gift Card
3456,391,357,4,2025-06-05T10:30:36.542850,Debit Card
3457,188,50,3,2024-10-26T10:30:36.542854,PayPal
3458,725,221,3,2024-05-31T10:30:36.542858,Credit Card
3459,189,134,4,2025-04-02T10:30:36.542862,PayPal
3460,360,332,1,2024-11-11T10:30:36.542866,Gift Card
3461,770,49,5,2025-02-03T10:30:36.542870,Credit Card
3462,901,311,1,2024-04-02T10:30:36.542874,Credit Card
3463,700,192,1,2025-05-05T10:30:36.542878,Credit Card
3464,987,271,1,2025-10-20T10:30:36.542883,Debit Card
3465,394,157,1,2023-07-28T10:30:36.542887,Crypto
3466,577,192,1,2023-02-19T10:30:36.542891,PayPal
3467,194,326,5,2024-06-01T10:30:36.542895,PayPal
3468,549,112,3,2025-07-17T10:30:36.542900,PayPal
3469,615,192,5,2025-04-26T10:30:36.542904,Gift Card
3470,724,434,2,2024-05-23T10:30:36.542908,PayPal
3471,834,420,4,2025-09-23T10:30:36.542912,Crypto
3472,40,479,5,2023-04-29T10:30:36.542934,Credit Card
3473,827,479,3,2023-03-12T10:30:36.542942,Debit Card
3474,111,179,2,2024-02-28T10:30:36.542946,Crypto
3475,172,461,1,2024-06-02T10:30:36.542950,PayPal
3476,618,80,5,2023-03-27T10:30:36.542955,Debit Card
3477,961,233,5,2023-06-26T10:30:36.542959,Gift Card
3478,803,230,1,2023-12-10T10:30:36.542963,Crypto
3479,68,174,2,2024-10-15T10:30:36.542966,PayPal
3480,246,492,4,2025-04-15T10:30:36.542971,Gift Card
3481,43,184,1,2023-03-31T10:30:36.542975,Gift Card
3482,831,432,5,2025-07-15T10:30:36.542979,Crypto
3483,94,340,3,2023-04-05T10:30:36.542983,Crypto
3484,577,295,5,2024-05-08T10:30:36.542987,Gift Card
3485,776,280,2,2025-01-08T10:30:36.542991,Debit Card
3486,139,230,2,2024-12-29T10:30:36.542995,Gift Card
3487,414,223,4,2025-08-01T10:30:36.543001,Gift Card
3488,25,252,1,2024-11-29T10:30:36.543005,Crypto
3489,496,313,4,2024-12-15T10:30:36.543009,Gift Card
3490,806,395,3,2023-08-27T10:30:36.543013,Credit Card
3491,541,426,1,2025-04-15T10:30:36.543017,Credit Card
3492,315,457,5,2023-09-20T10:30:36.543022,Crypto
3493,556,89,3,2023-09-29T10:30:36.543026,Credit Card
3494,548,15,1,2023-02-08T10:30:36.543030,Debit Card
3495,395,97,3,2023-02-10T10:30:36.543034,Crypto
3496,54,422,4,2023-09-29T10:30:36.543038,Crypto
3497,537,435,2,2024-05-22T10:30:36.543042,Debit Card
3498,698,358,1,2023-04-06T10:30:36.543046,PayPal
3499,102,235,2,2023-04-25T10:30:36.543050,PayPal
3500,730,164,1,2023-10-24T10:30:36.543054,PayPal
3501,508,106,5,2024-01-08T10:30:36.543058,Crypto
3502,16,24,4,2025-03-28T10:30:36.543062,Credit Card
3503,947,149,1,2023-04-12T10:30:36.543066,PayPal
3504,676,417,3,2025-04-26T10:30:36.543070,Gift Card
3505,847,117,3,2023-03-30T10:30:36.543074,Gift Card
3506,46,80,2,2024-02-19T10:30:36.543078,PayPal
3507,637,343,3,2023-05-05T10:30:36.543082,Gift Card
3508,697,293,3,2025-03-29T10:30:36.543086,Debit Card
3509,420,354,1,2024-08-25T10:30:36.543091,Gift Card
3510,387,143,2,2023-07-11T10:30:36.543095,Gift Card
3511,260,308,1,2024-01-22T10:30:36.543100,Gift Card
3512,43,357,4,2025-06-15T10:30:36.543104,PayPal
3513,73,327,1,2025-06-28T10:30:36.543108,PayPal
3514,924,406,4,2025-08-17T10:30:36.543113,PayPal
3515,550,168,2,2023-03-03T10:30:36.543117,Debit Card
3516,979,349,4,2025-01-06T10:30:36.543123,Crypto
3517,294,146,5,2025-01-30T10:30:36.543127,Credit Card
3518,780,62,4,2023-07-05T10:30:36.543131,PayPal
3519,974,45,5,2023-06-11T10:30:36.543135,Gift Card
3520,206,66,5,2025-09-18T10:30:36.543139,Gift Card
3521,491,56,1,2025-03-04T10:30:36.543143,Credit Card
3522,854,199,2,2025-07-31T10:30:36.543147,Credit Card
3523,248,224,5,2024-10-10T10:30:36.543151,Gift Card
3524,757,74,4,2024-02-21T10:30:36.543155,Credit Card
3525,679,479,5,2023-08-31T10:30:36.543159,PayPal
3526,787,108,3,2025-09-10T10:30:36.543163,Crypto
3527,15,486,2,2024-11-09T10:30:36.543167,Debit Card
3528,944,90,3,2024-07-08T10:30:36.543171,PayPal
3529,924,330,1,2024-09-19T10:30:36.543175,Gift Card
3530,157,485,3,2024-05-25T10:30:36.543179,Credit Card
3531,231,95,2,2024-11-15T10:30:36.543185,Gift Card
3532,26,447,4,2025-08-14T10:30:36.543189,PayPal
3533,617,271,3,2024-04-02T10:30:36.543193,PayPal
3534,147,281,3,2025-08-27T10:30:36.543197,Credit Card
3535,702,34,4,2024-05-12T10:30:36.543201,Crypto
3536,18,317,2,2023-10-14T10:30:36.543205,Debit Card
3537,380,20,2,2023-04-15T10:30:36.543209,Credit Card
3538,701,120,1,2024-09-29T10:30:36.543214,Credit Card
3539,577,30,4,2023-08-29T10:30:36.543218,Crypto
3540,123,439,2,2023-09-05T10:30:36.543222,Credit Card
3541,578,280,1,2025-10-04T10:30:36.543226,Gift Card
3542,960,293,4,2025-01-08T10:30:36.543231,Crypto
3543,397,231,2,2023-11-25T10:30:36.543235,Gift Card
3544,628,129,3,2024-01-12T10:30:36.543239,Gift Card
3545,491,471,2,2024-07-16T10:30:36.543244,Crypto
3546,901,185,2,2025-05-30T10:30:36.543248,Debit Card
3547,653,375,2,2023-02-11T10:30:36.543252,Gift Card
3548,264,452,2,2024-10-13T10:30:36.543256,Credit Card
3549,443,413,3,2025-05-30T10:30:36.543260,Credit Card
3550,471,211,5,2023-06-05T10:30:36.543265,PayPal
3551,412,65,3,2025-03-25T10:30:36.543271,Gift Card
3552,432,453,4,2024-07-10T10:30:36.543275,Gift Card
3553,455,488,4,2024-07-07T10:30:36.543279,Debit Card
3554,346,167,4,2025-06-10T10:30:36.543283,Crypto
3555,211,126,2,2023-10-26T10:30:36.543287,PayPal
3556,583,100,5,2024-10-17T10:30:36.543291,Gift Card
3557,562,442,4,2024-10-06T10:30:36.543296,Debit Card
3558,219,202,2,2024-06-30T10:30:36.543300,Credit Card
3559,556,334,4,2024-12-21T10:30:36.543304,Crypto
3560,423,27,2,2025-03-16T10:30:36.543308,Debit Card
3561,565,456,2,2023-12-19T10:30:36.543312,Gift Card
3562,960,265,4,2025-04-23T10:30:36.543316,Gift Card
3563,25,356,2,2024-09-24T10:30:36.543320,Crypto
3564,684,89,3,2023-09-22T10:30:36.543324,Crypto
3565,788,80,4,2024-03-15T10:30:36.543328,PayPal
3566,155,211,3,2024-07-02T10:30:36.543336,PayPal
3567,889,379,2,2023-09-05T10:30:36.543340,Gift Card
3568,324,313,5,2024-04-29T10:30:36.543344,Credit Card
3569,693,50,1,2025-07-29T10:30:36.543348,Credit Card
3570,9,472,1,2024-11-19T10:30:36.543354,Credit Card
3571,321,477,3,2025-03-31T10:30:36.543358,PayPal
3572,981,110,3,2023-06-17T10:30:36.543362,Credit Card
3573,372,320,3,2024-03-06T10:30:36.543366,Gift Card
3574,487,174,2,2025-01-01T10:30:36.543370,Debit Card
3575,104,411,5,2025-05-14T10:30:36.543375,PayPal
3576,168,213,1,2024-04-27T10:30:36.543379,Crypto
3577,420,82,5,2024-04-07T10:30:36.543383,Gift Card
3578,717,144,2,2023-01-29T10:30:36.543387,Credit Card
3579,680,485,2,2023-04-07T10:30:36.543391,Gift Card
3580,100,387,1,2025-06-08T10:30:36.543395,Gift Card
3581,485,195,4,2025-05-03T10:30:36.543399,Credit Card
3582,601,353,3,2023-03-16T10:30:36.543403,Gift Card
3583,599,293,2,2024-07-23T10:30:36.543407,Credit Card
3584,994,252,5,2024-11-06T10:30:36.543411,Debit Card
3585,88,454,3,2025-08-15T10:30:36.543415,PayPal
3586,139,320,3,2023-12-01T10:30:36.543419,Gift Card
3587,939,77,1,2023-03-12T10:30:36.543423,PayPal
3588,985,325,3,2024-12-29T10:30:36.543428,Credit Card
3589,364,309,4,2025-10-08T10:30:36.543434,Crypto
3590,913,303,4,2025-05-04T10:30:36.543438,Debit Card
3591,872,130,2,2024-05-17T10:30:36.543442,Debit Card
3592,533,463,1,2024-06-10T10:30:36.543446,Debit Card
3593,928,86,1,2023-12-30T10:30:36.543450,PayPal
3594,718,157,3,2024-07-22T10:30:36.543455,Gift Card
3595,346,21,3,2023-09-18T10:30:36.543459,Gift Card
3596,676,42,3,2024-04-08T10:30:36.543463,Credit Card
3597,134,447,5,2025-10-14T10:30:36.543467,Crypto
3598,20,155,4,2025-04-03T10:30:36.543471,Gift Card
3599,390,199,1,2023-11-13T10:30:36.543475,Debit Card
3600,714,193,3,2024-10-14T10:30:36.543479,Crypto
3601,875,402,4,2024-09-03T10:30:36.543483,Debit Card
3602,136,483,3,2023-10-19T10:30:36.543487,Debit Card
3603,566,99,4,2025-01-09T10:30:36.543491,Debit Card
3604,86,468,4,2023-03-29T10:30:36.543495,Credit Card
3605,825,342,3,2023-05-26T10:30:36.543499,Crypto
3606,918,59,1,2023-07-17T10:30:36.543503,PayPal
3607,826,391,1,2025-02-18T10:30:36.543507,Credit Card
3608,182,192,1,2025-05-20T10:30:36.543511,Crypto
3609,821,122,1,2023-05-24T10:30:36.543517,Credit Card
3610,10,371,1,2023-10-01T10:30:36.543521,Debit Card
3611,892,466,5,2025-08-13T10:30:36.543525,PayPal
3612,597,321,4,2024-01-17T10:30:36.543529,Debit Card
3613,805,341,1,2024-02-05T10:30:36.543533,Credit Card
3614,58,361,2,2025-04-03T10:30:36.543537,Credit Card
3615,191,47,1,2025-10-21T10:30:36.543543,Gift Card
3616,811,352,2,2025-03-23T10:30:36.543547,Credit Card
3617,735,41,4,2024-11-30T10:30:36.543552,Crypto
3618,198,244,2,2023-10-30T10:30:36.543556,Gift Card
3619,620,362,2,2024-07-01T10:30:36.543561,Debit Card
3620,750,347,5,2023-05-23T10:30:36.543565,Credit Card
3621,454,95,5,2025-10-18T10:30:36.543569,Credit Card
3622,181,499,2,2025-01-28T10:30:36.543573,PayPal
3623,900,278,5,2023-02-01T10:30:36.543577,PayPal
3624,717,64,1,2025-04-15T10:30:36.543581,PayPal
3625,869,165,2,2025-05-11T10:30:36.543585,Gift Card
3626,651,429,5,2024-12-25T10:30:36.543589,Crypto
3627,423,260,3,2025-03-15T10:30:36.543593,Gift Card
3628,257,423,3,2023-10-02T10:30:36.543599,PayPal
3629,544,4,3,2025-01-09T10:30:36.543603,PayPal
3630,67,32,1,2024-06-06T10:30:36.543607,Debit Card
3631,925,376,1,2024-01-29T10:30:36.543611,Gift Card
3632,82,346,4,2025-10-12T10:30:36.543616,Credit Card
3633,327,302,3,2023-11-10T10:30:36.543620,Crypto
3634,695,492,1,2024-03-21T10:30:36.543624,Debit Card
3635,745,430,3,2024-07-20T10:30:36.543628,Debit Card
3636,761,416,4,2024-10-10T10:30:36.543632,Gift Card
3637,308,391,4,2024-12-08T10:30:36.543636,Crypto
3638,763,98,2,2024-03-02T10:30:36.543640,PayPal
3639,44,354,3,2024-08-31T10:30:36.543644,Gift Card
3640,902,237,3,2023-03-24T10:30:36.543648,Gift Card
3641,475,445,4,2024-07-18T10:30:36.543676,PayPal
3642,146,378,4,2024-08-21T10:30:36.543682,Credit Card
3643,895,72,3,2024-09-29T10:30:36.543687,PayPal
3644,410,188,1,2024-08-06T10:30:36.543691,PayPal
3645,155,304,2,2025-03-16T10:30:36.543695,Credit Card
3646,17,201,4,2025-05-24T10:30:36.543699,Debit Card
3647,346,102,1,2024-06-02T10:30:36.543703,Gift Card
3648,163,156,5,2025-01-13T10:30:36.543709,PayPal
3649,195,250,5,2023-10-14T10:30:36.543713,Gift Card
3650,444,223,2,2024-06-12T10:30:36.543717,Credit Card
3651,362,493,1,2025-08-17T10:30:36.543722,Debit Card
3652,723,245,5,2025-01-01T10:30:36.543726,PayPal
3653,241,266,4,2023-07-25T10:30:36.543730,PayPal
3654,427,252,1,2023-02-18T10:30:36.543734,Debit Card
3655,647,82,3,2024-01-18T10:30:36.543738,Debit Card
3656,701,317,4,2024-02-06T10:30:36.543742,Credit Card
3657,614,67,5,2025-01-09T10:30:36.543746,Debit Card
3658,743,192,2,2024-10-11T10:30:36.543750,Crypto
3659,994,243,1,2025-10-06T10:30:36.543754,Gift Card
3660,379,214,2,2025-03-24T10:30:36.543758,Debit Card
3661,705,120,3,2024-01-14T10:30:36.543763,Gift Card
3662,806,144,5,2024-11-10T10:30:36.543768,Crypto
3663,813,170,2,2023-04-15T10:30:36.543772,PayPal
3664,989,165,5,2023-02-03T10:30:36.543776,PayPal
3665,726,304,5,2025-02-24T10:30:36.543781,PayPal
3666,501,289,4,2023-04-27T10:30:36.543785,Credit Card
3667,321,262,1,2024-09-26T10:30:36.543790,PayPal
3668,639,165,1,2024-05-01T10:30:36.543795,Gift Card
3669,474,309,3,2025-08-17T10:30:36.543800,Gift Card
3670,399,399,2,2023-08-06T10:30:36.543804,Debit Card
3671,729,74,3,2023-06-09T10:30:36.543808,Credit Card
3672,486,127,2,2024-01-15T10:30:36.543812,Credit Card
3673,336,183,5,2024-06-17T10:30:36.543816,Crypto
3674,150,402,3,2023-02-18T10:30:36.543820,Debit Card
3675,497,161,5,2023-05-04T10:30:36.543824,Crypto
3676,205,422,2,2023-02-17T10:30:36.543828,Crypto
3677,620,62,3,2023-10-04T10:30:36.543833,Credit Card
3678,754,454,2,2024-05-06T10:30:36.543838,Crypto
3679,290,128,4,2024-08-17T10:30:36.543842,Credit Card
3680,306,134,2,2025-05-30T10:30:36.543846,Debit Card
3681,26,15,4,2025-08-05T10:30:36.543850,Debit Card
3682,477,398,2,2024-07-24T10:30:36.543854,Gift Card
3683,569,81,5,2024-07-27T10:30:36.543859,Debit Card
3684,111,480,3,2024-07-15T10:30:36.543863,Debit Card
3685,203,362,5,2024-07-17T10:30:36.543867,Debit Card
3686,167,301,2,2024-11-28T10:30:36.543871,Credit Card
3687,127,27,3,2024-04-07T10:30:36.543876,Gift Card
3688,378,73,3,2023-06-26T10:30:36.543880,Gift Card
3689,564,14,4,2024-01-02T10:30:36.543885,Debit Card
3690,406,92,3,2024-02-05T10:30:36.543889,Credit Card
3691,660,145,3,2024-03-24T10:30:36.543893,Crypto
3692,41,453,5,2025-08-28T10:30:36.543897,PayPal
3693,509,33,1,2025-06-03T10:30:36.543901,PayPal
3694,105,268,2,2023-03-07T10:30:36.543905,PayPal
3695,95,387,3,2023-02-02T10:30:36.543909,Debit Card
3696,347,42,4,2024-11-07T10:30:36.543913,Credit Card
3697,505,206,5,2025-08-22T10:30:36.543917,Crypto
3698,427,329,4,2023-11-13T10:30:36.543921,PayPal
3699,562,422,1,2023-07-14T10:30:36.543926,PayPal
3700,460,82,1,2023-09-04T10:30:36.543930,Debit Card
3701,233,123,1,2024-01-03T10:30:36.543934,Crypto
3702,25,27,2,2024-06-21T10:30:36.543938,Credit Card
3703,44,113,2,2023-02-25T10:30:36.543942,PayPal
3704,978,446,2,2024-05-30T10:30:36.543946,Debit Card
3705,331,199,4,2025-10-05T10:30:36.543950,Crypto
3706,784,149,4,2025-09-30T10:30:36.543955,Gift Card
3707,564,35,1,2025-04-03T10:30:36.543960,Crypto
3708,37,107,2,2024-03-07T10:30:36.543964,Gift Card
3709,8,179,1,2024-03-08T10:30:36.543968,Debit Card
3710,522,461,2,2024-09-13T10:30:36.543972,PayPal
3711,156,275,1,2023-04-01T10:30:36.543976,Crypto
3712,289,137,5,2024-10-06T10:30:36.543981,Crypto
3713,398,82,2,2023-09-13T10:30:36.543985,Crypto
3714,263,172,2,2024-11-24T10:30:36.543989,Debit Card
3715,403,62,3,2024-07-19T10:30:36.543993,Credit Card
3716,457,309,5,2023-08-28T10:30:36.543997,Gift Card
3717,210,95,1,2025-09-12T10:30:36.544001,Gift Card
3718,824,55,2,2025-04-03T10:30:36.544005,Crypto
3719,754,383,3,2023-06-25T10:30:36.544009,PayPal
3720,908,304,3,2024-10-20T10:30:36.544015,Gift Card
3721,56,332,2,2024-03-23T10:30:36.544019,Debit Card
3722,223,262,1,2024-12-11T10:30:36.544023,Credit Card
3723,222,425,2,2023-05-27T10:30:36.544027,Debit Card
3724,212,256,4,2023-10-18T10:30:36.544031,Debit Card
3725,469,201,5,2023-09-14T10:30:36.544036,PayPal
3726,943,252,4,2024-03-29T10:30:36.544041,Crypto
3727,293,408,2,2025-08-06T10:30:36.544045,Crypto
3728,110,453,1,2023-06-04T10:30:36.544049,Credit Card
3729,635,26,1,2023-02-28T10:30:36.544053,Debit Card
3730,953,1,3,2024-07-26T10:30:36.544057,Gift Card
3731,747,291,2,2025-07-17T10:30:36.544061,Credit Card
3732,377,111,2,2023-02-03T10:30:36.544065,Gift Card
3733,760,449,3,2025-08-08T10:30:36.544069,Debit Card
3734,428,335,1,2024-12-24T10:30:36.544073,Credit Card
3735,921,62,3,2025-06-01T10:30:36.544077,Debit Card
3736,468,477,2,2025-06-23T10:30:36.544081,Credit Card
3737,902,477,4,2025-04-29T10:30:36.544085,Credit Card
3738,116,45,2,2024-07-15T10:30:36.544089,Crypto
3739,712,286,3,2025-01-21T10:30:36.544094,Credit Card
3740,720,289,4,2025-08-21T10:30:36.544098,PayPal
3741,221,34,4,2023-11-30T10:30:36.544102,Gift Card
3742,31,20,4,2024-08-08T10:30:36.544108,Gift Card
3743,423,90,1,2024-03-13T10:30:36.544112,Credit Card
3744,673,33,3,2023-10-29T10:30:36.544116,Debit Card
3745,737,246,2,2023-07-26T10:30:36.544122,Debit Card
3746,25,344,3,2023-02-11T10:30:36.544126,PayPal
3747,241,354,4,2023-07-18T10:30:36.544130,Credit Card
3748,666,23,5,2023-06-22T10:30:36.544134,Gift Card
3749,573,488,4,2023-08-06T10:30:36.544138,PayPal
3750,733,435,1,2025-01-04T10:30:36.544142,Debit Card
3751,91,307,3,2024-07-14T10:30:36.544146,Gift Card
3752,558,84,3,2023-12-20T10:30:36.544150,Debit Card
3753,744,283,5,2025-05-28T10:30:36.544154,Debit Card
3754,753,328,3,2024-09-03T10:30:36.544158,PayPal
3755,595,206,3,2024-07-03T10:30:36.544163,Debit Card
3756,786,150,2,2023-07-14T10:30:36.544167,Gift Card
3757,692,278,4,2024-10-21T10:30:36.544171,Gift Card
3758,89,309,3,2023-05-02T10:30:36.544175,PayPal
3759,341,474,3,2024-01-03T10:30:36.544179,Gift Card
3760,462,386,5,2023-05-26T10:30:36.544183,PayPal
3761,912,22,3,2024-05-24T10:30:36.544187,PayPal
3762,614,175,5,2024-01-16T10:30:36.544192,PayPal
3763,872,409,5,2025-06-04T10:30:36.544196,PayPal
3764,845,355,4,2025-08-02T10:30:36.544200,Gift Card
3765,902,58,5,2024-04-15T10:30:36.544205,Credit Card
3766,533,54,5,2025-10-20T10:30:36.544209,Debit Card
3767,957,282,2,2023-09-28T10:30:36.544213,PayPal
3768,701,364,3,2024-06-11T10:30:36.544218,Credit Card
3769,334,375,3,2024-04-11T10:30:36.544222,Gift Card
3770,536,337,4,2025-03-14T10:30:36.544227,Crypto
3771,360,384,4,2023-11-20T10:30:36.544232,Credit Card
3772,232,328,4,2025-05-18T10:30:36.544236,PayPal
3773,734,1,5,2023-07-28T10:30:36.544240,Credit Card
3774,508,74,1,2023-11-13T10:30:36.544244,Debit Card
3775,248,387,4,2024-12-18T10:30:36.544248,PayPal
3776,555,327,1,2023-02-23T10:30:36.544252,PayPal
3777,25,9,1,2024-12-26T10:30:36.544257,Credit Card
3778,213,96,1,2025-08-17T10:30:36.544261,Debit Card
3779,464,487,1,2024-08-18T10:30:36.544265,Debit Card
3780,678,207,1,2023-11-10T10:30:36.544269,Crypto
3781,308,176,4,2024-10-06T10:30:36.544273,PayPal
3782,312,220,5,2024-02-29T10:30:36.544277,Gift Card
3783,651,315,5,2025-09-12T10:30:36.544281,Gift Card
3784,33,256,3,2024-10-30T10:30:36.544286,Credit Card
3785,262,359,4,2023-05-27T10:30:36.544291,Gift Card
3786,771,276,1,2024-08-18T10:30:36.544295,Crypto
3787,636,451,3,2023-02-26T10:30:36.544299,Gift Card
3788,28,195,1,2023-02-12T10:30:36.544303,Gift Card
3789,778,464,1,2024-06-25T10:30:36.544307,Debit Card
3790,557,48,1,2025-02-15T10:30:36.544311,Credit Card
3791,466,195,3,2025-02-19T10:30:36.544315,Crypto
3792,481,18,3,2024-12-11T10:30:36.544319,Crypto
3793,796,361,4,2025-03-17T10:30:36.544323,Crypto
3794,421,49,1,2023-11-24T10:30:36.544327,PayPal
3795,608,442,1,2023-03-12T10:30:36.544331,Crypto
3796,456,36,5,2025-04-22T10:30:36.544335,Gift Card
3797,282,357,5,2024-09-22T10:30:36.544339,Crypto
3798,670,371,1,2025-02-07T10:30:36.544343,Crypto
3799,121,358,5,2024-06-09T10:30:36.544347,PayPal
3800,924,232,3,2023-06-03T10:30:36.544351,PayPal
3801,41,149,5,2024-11-19T10:30:36.544355,Gift Card
3802,113,352,2,2023-02-06T10:30:36.544359,Credit Card
3803,204,247,4,2025-02-11T10:30:36.544363,Credit Card
3804,397,398,2,2023-08-25T10:30:36.544387,Gift Card
3805,45,155,2,2025-03-10T10:30:36.544394,Debit Card
3806,887,350,5,2023-06-12T10:30:36.544400,Gift Card
3807,235,366,4,2023-07-20T10:30:36.544405,Credit Card
3808,104,85,2,2025-06-11T10:30:36.544409,Crypto
3809,577,13,4,2024-06-03T10:30:36.544413,Debit Card
3810,814,358,4,2025-10-03T10:30:36.544418,Crypto
3811,920,356,3,2024-01-13T10:30:36.544422,Crypto
3812,109,215,4,2025-09-20T10:30:36.544426,Debit Card
3813,447,286,4,2025-08-17T10:30:36.544430,Credit Card
3814,90,135,3,2024-06-25T10:30:36.544434,Gift Card
3815,520,471,2,2023-04-10T10:30:36.544438,PayPal
3816,124,13,2,2025-07-28T10:30:36.544442,Crypto
3817,192,341,2,2024-07-25T10:30:36.544447,Crypto
3818,383,286,3,2024-06-22T10:30:36.544451,Credit Card
3819,995,405,2,2024-03-07T10:30:36.544455,Gift Card
3820,119,287,1,2025-03-01T10:30:36.544459,PayPal
3821,151,154,2,2023-09-21T10:30:36.544464,Gift Card
3822,12,191,1,2024-05-20T10:30:36.544468,Credit Card
3823,116,269,3,2024-03-04T10:30:36.544474,Crypto
3824,10,156,2,2024-12-01T10:30:36.544478,PayPal
3825,882,246,2,2025-04-14T10:30:36.544482,Gift Card
3826,490,246,2,2025-07-15T10:30:36.544486,PayPal
3827,398,284,5,2023-05-29T10:30:36.544490,Credit Card
3828,150,342,2,2023-05-30T10:30:36.544494,Crypto
3829,149,441,1,2024-06-22T10:30:36.544499,Crypto
3830,75,290,2,2025-02-14T10:30:36.544510,Gift Card
3831,860,321,3,2023-03-09T10:30:36.544517,PayPal
3832,848,135,4,2025-08-24T10:30:36.544522,Gift Card
3833,44,446,3,2023-08-17T10:30:36.544526,Gift Card
3834,29,99,3,2024-09-19T10:30:36.544530,Gift Card
3835,621,429,2,2023-09-19T10:30:36.544534,PayPal
3836,491,315,5,2023-04-28T10:30:36.544538,Gift Card
3837,662,447,2,2025-02-19T10:30:36.544543,Crypto
3838,534,148,4,2023-08-25T10:30:36.544547,Credit Card
3839,444,308,1,2024-08-23T10:30:36.544551,Credit Card
3840,576,44,2,2023-08-25T10:30:36.544556,Credit Card
3841,379,143,4,2025-01-10T10:30:36.544560,Gift Card
3842,666,414,3,2024-12-18T10:30:36.544564,Crypto
3843,620,168,3,2023-06-02T10:30:36.544569,Gift Card
3844,524,250,4,2023-09-10T10:30:36.544573,Crypto
3845,712,287,5,2024-02-19T10:30:36.544578,Crypto
3846,141,241,3,2025-07-23T10:30:36.544582,Gift Card
3847,999,176,5,2024-05-13T10:30:36.544586,Crypto
3848,647,33,3,2024-01-19T10:30:36.544590,Debit Card
3849,957,139,3,2024-02-24T10:30:36.544594,Crypto
3850,234,161,3,2023-04-10T10:30:36.544598,PayPal
3851,580,98,3,2023-02-02T10:30:36.544602,Debit Card
3852,197,423,3,2024-05-12T10:30:36.544606,Gift Card
3853,286,136,5,2024-08-16T10:30:36.544610,PayPal
3854,787,314,2,2023-07-26T10:30:36.544614,Debit Card
3855,195,352,3,2023-10-26T10:30:36.544618,Crypto
3856,567,165,2,2023-07-30T10:30:36.544622,Gift Card
3857,596,267,2,2025-06-26T10:30:36.544626,Debit Card
3858,654,127,2,2024-02-20T10:30:36.544630,Debit Card
3859,188,455,4,2024-10-06T10:30:36.544634,PayPal
3860,402,248,3,2023-03-15T10:30:36.544638,Crypto
3861,471,276,3,2025-05-28T10:30:36.544642,Debit Card
3862,621,37,3,2025-06-19T10:30:36.544648,Gift Card
3863,833,282,4,2025-10-21T10:30:36.544652,Credit Card
3864,194,416,3,2023-03-19T10:30:36.544656,Gift Card
3865,466,479,5,2024-03-06T10:30:36.544661,Debit Card
3866,524,291,4,2025-04-04T10:30:36.544665,Debit Card
3867,53,219,4,2024-02-23T10:30:36.544669,Credit Card
3868,488,224,4,2024-12-08T10:30:36.544673,Credit Card
3869,144,93,1,2024-10-19T10:30:36.544677,Credit Card
3870,43,434,1,2025-01-13T10:30:36.544682,Credit Card
3871,562,275,3,2025-06-16T10:30:36.544686,Credit Card
3872,948,381,4,2025-03-29T10:30:36.544692,Credit Card
3873,913,339,5,2025-08-24T10:30:36.544696,Credit Card
3874,115,173,5,2023-10-19T10:30:36.544700,Debit Card
3875,292,221,2,2025-03-02T10:30:36.544704,PayPal
3876,634,310,5,2023-09-16T10:30:36.544708,Debit Card
3877,951,283,3,2023-06-17T10:30:36.544712,PayPal
3878,156,12,5,2024-03-05T10:30:36.544716,Debit Card
3879,781,113,2,2023-07-22T10:30:36.544720,Gift Card
3880,209,278,5,2025-10-07T10:30:36.544724,PayPal
3881,94,293,5,2023-01-31T10:30:36.544728,Debit Card
3882,829,249,1,2025-07-19T10:30:36.544734,PayPal
3883,866,209,2,2025-02-19T10:30:36.544738,Gift Card
3884,625,85,2,2023-03-30T10:30:36.544742,PayPal
3885,287,55,1,2025-02-22T10:30:36.544746,Debit Card
3886,446,297,5,2023-06-08T10:30:36.544750,Gift Card
3887,457,110,2,2025-07-14T10:30:36.544754,Credit Card
3888,419,365,4,2024-07-28T10:30:36.544758,PayPal
3889,757,455,4,2023-06-06T10:30:36.544762,Crypto
3890,769,195,1,2024-04-18T10:30:36.544766,Debit Card
3891,211,452,4,2024-08-03T10:30:36.544770,Crypto
3892,351,165,1,2024-05-31T10:30:36.544775,Crypto
3893,631,199,4,2024-02-11T10:30:36.544779,PayPal
3894,382,74,1,2024-02-17T10:30:36.544783,Gift Card
3895,173,404,4,2025-03-26T10:30:36.544789,PayPal
3896,322,181,4,2025-01-17T10:30:36.544806,PayPal
3897,733,149,2,2024-10-01T10:30:36.544813,Crypto
3898,899,241,1,2023-11-22T10:30:36.544818,Crypto
3899,250,331,1,2024-07-18T10:30:36.544822,Credit Card
3900,399,293,3,2024-10-21T10:30:36.544826,Gift Card
3901,21,252,4,2023-10-14T10:30:36.544832,Gift Card
3902,932,218,1,2024-08-03T10:30:36.544836,Debit Card
3903,357,118,3,2024-10-14T10:30:36.544840,Debit Card
3904,491,81,2,2025-03-14T10:30:36.544845,Crypto
3905,661,265,5,2024-04-29T10:30:36.544849,PayPal
3906,867,19,4,2024-10-16T10:30:36.544853,Credit Card
3907,779,118,1,2023-10-31T10:30:36.544857,PayPal
3908,95,316,5,2025-09-03T10:30:36.544861,Debit Card
3909,82,269,3,2024-07-18T10:30:36.544865,PayPal
3910,301,73,4,2025-01-12T10:30:36.544869,PayPal
3911,235,210,3,2025-05-07T10:30:36.544873,Crypto
3912,69,119,1,2024-01-28T10:30:36.544877,Credit Card
3913,587,336,2,2025-01-02T10:30:36.544882,Crypto
3914,482,483,4,2023-04-22T10:30:36.544886,PayPal
3915,242,9,2,2024-02-15T10:30:36.544890,Credit Card
3916,69,396,1,2025-01-22T10:30:36.544894,PayPal
3917,547,64,4,2024-04-06T10:30:36.544898,Debit Card
3918,741,92,2,2024-04-26T10:30:36.544902,PayPal
3919,252,403,1,2024-11-25T10:30:36.544906,PayPal
3920,785,140,5,2023-07-15T10:30:36.544910,Credit Card
3921,513,259,1,2024-09-16T10:30:36.544916,PayPal
3922,172,25,4,2025-05-18T10:30:36.544920,PayPal
3923,248,442,5,2023-06-23T10:30:36.544924,Debit Card
3924,588,401,3,2024-07-08T10:30:36.544929,PayPal
3925,466,90,1,2023-10-25T10:30:36.544934,PayPal
3926,166,328,5,2023-09-13T10:30:36.544938,Credit Card
3927,69,194,2,2025-10-24T10:30:36.544942,Debit Card
3928,472,271,4,2023-12-01T10:30:36.544946,Gift Card
3929,564,278,4,2023-04-28T10:30:36.544950,Crypto
3930,478,493,5,2024-10-27T10:30:36.544954,Crypto
3931,592,368,4,2023-09-16T10:30:36.544959,Debit Card
3932,537,480,4,2025-05-07T10:30:36.544963,Crypto
3933,879,256,2,2023-07-23T10:30:36.544968,Credit Card
3934,212,38,5,2024-10-13T10:30:36.544972,Debit Card
3935,119,310,4,2024-09-28T10:30:36.544976,Gift Card
3936,307,192,1,2024-12-06T10:30:36.544981,Gift Card
3937,204,385,1,2025-03-18T10:30:36.544985,Gift Card
3938,794,327,2,2024-07-21T10:30:36.544989,Crypto
3939,810,389,2,2023-12-30T10:30:36.544993,Debit Card
3940,406,126,2,2025-10-08T10:30:36.544999,PayPal
3941,926,225,3,2024-06-13T10:30:36.545003,Gift Card
3942,478,365,4,2024-10-09T10:30:36.545007,PayPal
3943,475,67,4,2023-02-15T10:30:36.545011,Credit Card
3944,252,486,2,2023-04-20T10:30:36.545015,Credit Card
3945,303,192,1,2024-10-31T10:30:36.545019,Gift Card
3946,932,198,4,2025-08-06T10:30:36.545023,Crypto
3947,302,182,5,2024-04-08T10:30:36.545027,Gift Card
3948,42,479,4,2025-08-16T10:30:36.545032,Debit Card
3949,340,100,3,2023-03-25T10:30:36.545036,Crypto
3950,170,6,1,2025-05-28T10:30:36.545040,Crypto
3951,277,31,1,2024-05-21T10:30:36.545044,PayPal
3952,646,267,3,2025-09-30T10:30:36.545048,Gift Card
3953,414,172,5,2024-07-10T10:30:36.545052,Debit Card
3954,637,168,3,2024-10-13T10:30:36.545056,Credit Card
3955,821,265,5,2025-06-20T10:30:36.545060,Gift Card
3956,777,250,4,2023-09-04T10:30:36.545064,Crypto
3957,38,342,5,2023-10-09T10:30:36.545068,Crypto
3958,519,35,2,2023-03-14T10:30:36.545072,Gift Card
3959,339,339,4,2023-10-06T10:30:36.545077,Debit Card
3960,148,73,2,2025-07-21T10:30:36.545082,Crypto
3961,394,142,4,2025-03-13T10:30:36.545086,Credit Card
3962,46,156,1,2023-02-21T10:30:36.545090,PayPal
3963,200,215,5,2025-04-09T10:30:36.545094,Gift Card
3964,819,423,2,2024-08-13T10:30:36.545098,Crypto
3965,582,131,2,2025-10-24T10:30:36.545103,Credit Card
3966,168,440,1,2025-01-26T10:30:36.545106,Gift Card
3967,806,34,2,2024-07-02T10:30:36.545110,PayPal
3968,948,345,4,2025-06-30T10:30:36.545115,Credit Card
3969,686,236,3,2024-02-01T10:30:36.545119,Debit Card
3970,872,241,3,2024-03-13T10:30:36.545123,Crypto
3971,562,456,3,2024-01-17T10:30:36.545127,Debit Card
3972,540,80,5,2024-05-10T10:30:36.545131,Debit Card
3973,826,305,2,2025-03-07T10:30:36.545136,Credit Card
3974,445,248,3,2024-11-22T10:30:36.545159,Crypto
3975,308,256,4,2025-09-02T10:30:36.545167,Crypto
3976,308,411,3,2025-07-07T10:30:36.545172,PayPal
3977,569,115,2,2023-05-07T10:30:36.545176,PayPal
3978,476,464,2,2023-03-21T10:30:36.545181,Credit Card
3979,715,278,5,2024-10-18T10:30:36.545186,Gift Card
3980,761,205,4,2024-03-23T10:30:36.545191,Debit Card
3981,307,42,2,2025-05-11T10:30:36.545195,Crypto
3982,493,486,1,2023-08-23T10:30:36.545199,Debit Card
3983,949,456,1,2024-08-04T10:30:36.545204,Gift Card
3984,835,222,2,2024-08-26T10:30:36.545208,Gift Card
3985,32,171,3,2025-06-25T10:30:36.545212,Debit Card
3986,242,250,4,2023-03-19T10:30:36.545216,Gift Card
3987,603,110,4,2024-08-10T10:30:36.545220,PayPal
3988,294,125,5,2023-07-24T10:30:36.545224,PayPal
3989,345,82,5,2024-11-24T10:30:36.545228,Crypto
3990,386,437,1,2025-07-13T10:30:36.545232,Credit Card
3991,85,408,1,2025-05-24T10:30:36.545236,Crypto
3992,439,253,1,2023-03-13T10:30:36.545240,PayPal
3993,53,2,4,2025-04-26T10:30:36.545245,Credit Card
3994,137,150,3,2023-11-29T10:30:36.545249,Debit Card
3995,683,293,1,2025-09-13T10:30:36.545253,PayPal
3996,915,159,3,2025-07-14T10:30:36.545257,Credit Card
3997,597,43,1,2024-02-03T10:30:36.545262,Credit Card
3998,842,473,2,2023-08-08T10:30:36.545266,PayPal
3999,919,201,4,2025-07-06T10:30:36.545272,Debit Card
4000,608,150,5,2023-06-21T10:30:36.545276,Crypto
4001,74,426,5,2025-01-06T10:30:36.545280,PayPal
4002,67,237,5,2023-06-05T10:30:36.545284,Debit Card
4003,162,330,5,2025-07-18T10:30:36.545288,Gift Card
4004,622,115,3,2025-09-22T10:30:36.545292,Gift Card
4005,873,174,2,2023-11-13T10:30:36.545296,Gift Card
4006,830,232,3,2023-02-23T10:30:36.545300,Crypto
4007,314,151,4,2024-08-22T10:30:36.545304,PayPal
4008,814,434,3,2023-12-12T10:30:36.545309,Debit Card
4009,216,124,4,2025-05-25T10:30:36.545313,PayPal
4010,38,41,1,2024-03-02T10:30:36.545317,Credit Card
4011,152,56,4,2025-06-17T10:30:36.545321,PayPal
4012,741,38,3,2023-08-28T10:30:36.545325,Debit Card
4013,705,164,5,2025-02-22T10:30:36.545329,Gift Card
4014,446,210,1,2023-03-17T10:30:36.545333,Crypto
4015,747,301,3,2023-03-10T10:30:36.545337,PayPal
4016,918,243,1,2024-10-17T10:30:36.545347,PayPal
4017,401,99,3,2025-08-18T10:30:36.545351,Credit Card
4018,33,431,3,2024-09-21T10:30:36.545357,PayPal
4019,833,255,4,2023-12-20T10:30:36.545361,Gift Card
4020,803,364,3,2024-07-21T10:30:36.545365,PayPal
4021,836,168,4,2023-12-20T10:30:36.545370,Debit Card
4022,982,469,5,2023-05-20T10:30:36.545374,PayPal
4023,8,446,2,2023-02-20T10:30:36.545379,Debit Card
4024,426,48,4,2023-05-12T10:30:36.545383,Debit Card
4025,152,22,2,2025-02-21T10:30:36.545388,Crypto
4026,619,254,3,2023-04-09T10:30:36.545392,PayPal
4027,739,93,4,2025-09-15T10:30:36.545397,Credit Card
4028,647,185,3,2023-07-28T10:30:36.545401,Crypto
4029,382,173,1,2025-07-09T10:30:36.545405,Gift Card
4030,791,423,5,2025-04-01T10:30:36.545409,PayPal
4031,152,171,5,2025-01-17T10:30:36.545413,Crypto
4032,401,456,5,2024-02-28T10:30:36.545417,Crypto
4033,949,314,2,2024-08-05T10:30:36.545421,Credit Card
4034,466,494,5,2024-04-12T10:30:36.545425,Debit Card
4035,552,387,4,2025-09-09T10:30:36.545429,Debit Card
4036,341,10,4,2024-02-29T10:30:36.545434,Credit Card
4037,486,425,4,2023-03-18T10:30:36.545438,Gift Card
4038,937,453,5,2024-03-18T10:30:36.545443,PayPal
4039,946,162,5,2025-03-10T10:30:36.545447,Gift Card
4040,272,154,1,2023-07-11T10:30:36.545451,PayPal
4041,685,464,5,2025-02-06T10:30:36.545455,Gift Card
4042,272,3,5,2025-03-04T10:30:36.545460,Credit Card
4043,228,488,4,2025-02-22T10:30:36.545464,Gift Card
4044,3,221,1,2023-02-16T10:30:36.545468,Credit Card
4045,822,412,3,2024-04-24T10:30:36.545472,Crypto
4046,963,214,1,2024-05-29T10:30:36.545476,Debit Card
4047,788,308,1,2024-06-03T10:30:36.545480,Crypto
4048,219,274,5,2025-01-03T10:30:36.545485,Credit Card
4049,876,121,4,2024-03-29T10:30:36.545489,Debit Card
4050,182,280,2,2025-10-10T10:30:36.545493,Gift Card
4051,82,169,2,2023-02-28T10:30:36.545497,Gift Card
4052,22,51,2,2023-03-16T10:30:36.545501,Debit Card
4053,174,337,3,2023-12-07T10:30:36.545505,Debit Card
4054,426,83,4,2025-03-30T10:30:36.545510,PayPal
4055,371,50,3,2024-12-12T10:30:36.545514,Crypto
4056,709,281,1,2025-08-07T10:30:36.545518,PayPal
4057,895,63,1,2023-02-21T10:30:36.545524,PayPal
4058,68,399,3,2023-02-09T10:30:36.545528,PayPal
4059,117,392,4,2024-11-13T10:30:36.545533,Credit Card
4060,513,393,5,2024-07-05T10:30:36.545537,Crypto
4061,126,247,5,2025-01-13T10:30:36.545542,Credit Card
4062,365,404,1,2024-10-28T10:30:36.545546,PayPal
4063,398,413,2,2024-04-14T10:30:36.545550,Debit Card
4064,743,10,5,2023-07-24T10:30:36.545555,Credit Card
4065,65,84,2,2024-11-08T10:30:36.545559,PayPal
4066,535,418,5,2025-04-09T10:30:36.545563,Gift Card
4067,947,388,3,2025-09-24T10:30:36.545567,Debit Card
4068,874,200,4,2025-07-10T10:30:36.545571,Crypto
4069,795,416,4,2025-03-21T10:30:36.545575,PayPal
4070,195,318,4,2023-08-24T10:30:36.545579,Crypto
4071,766,358,1,2023-01-29T10:30:36.545583,PayPal
4072,855,337,4,2024-04-02T10:30:36.545588,Gift Card
4073,397,165,3,2025-04-04T10:30:36.545592,Credit Card
4074,38,232,2,2025-10-21T10:30:36.545596,Crypto
4075,364,9,3,2023-12-30T10:30:36.545600,Debit Card
4076,426,384,1,2023-02-05T10:30:36.545605,Debit Card
4077,883,238,1,2025-06-09T10:30:36.545611,Credit Card
4078,609,267,5,2023-09-01T10:30:36.545615,Credit Card
4079,608,70,4,2024-06-05T10:30:36.545619,Crypto
4080,565,372,3,2025-06-24T10:30:36.545623,Crypto
4081,831,17,3,2025-02-15T10:30:36.545627,Debit Card
4082,550,421,4,2024-12-28T10:30:36.545631,Credit Card
4083,880,55,1,2023-03-08T10:30:36.545635,Debit Card
4084,681,494,2,2023-11-12T10:30:36.545639,Debit Card
4085,836,195,2,2025-01-10T10:30:36.545643,Debit Card
4086,871,211,1,2023-01-30T10:30:36.545648,Crypto
4087,373,39,4,2024-12-13T10:30:36.545652,Debit Card
4088,417,12,1,2025-01-06T10:30:36.545656,Debit Card
4089,190,365,1,2023-05-18T10:30:36.545660,PayPal
4090,954,269,5,2024-02-19T10:30:36.545664,Credit Card
4091,372,59,1,2023-01-30T10:30:36.545668,Debit Card
4092,787,171,3,2023-04-29T10:30:36.545672,Credit Card
4093,188,296,2,2024-03-07T10:30:36.545676,Credit Card
4094,238,26,3,2024-12-10T10:30:36.545680,Crypto
4095,773,278,1,2023-07-16T10:30:36.545684,Crypto
4096,958,296,5,2024-12-24T10:30:36.545689,Crypto
4097,674,153,1,2023-04-22T10:30:36.545693,Gift Card
4098,771,477,1,2024-12-09T10:30:36.545698,Gift Card
4099,96,337,3,2025-01-22T10:30:36.545702,Credit Card
4100,141,36,1,2023-02-26T10:30:36.545706,Crypto
4101,5,55,4,2025-09-11T10:30:36.545710,Gift Card
4102,829,185,4,2024-04-18T10:30:36.545714,Credit Card
4103,271,82,5,2023-03-07T10:30:36.545718,Crypto
4104,917,407,2,2025-08-02T10:30:36.545722,Debit Card
4105,173,95,5,2023-11-07T10:30:36.545726,Credit Card
4106,646,416,1,2024-06-30T10:30:36.545730,PayPal
4107,747,363,2,2025-05-04T10:30:36.545735,Crypto
4108,245,209,1,2023-11-27T10:30:36.545739,Crypto
4109,897,140,5,2023-08-03T10:30:36.545743,PayPal
4110,505,281,2,2025-08-25T10:30:36.545747,Gift Card
4111,217,314,4,2025-04-10T10:30:36.545751,Crypto
4112,300,177,2,2024-09-05T10:30:36.545755,Crypto
4113,422,467,5,2025-01-03T10:30:36.545759,Debit Card
4114,256,316,1,2023-11-01T10:30:36.545763,Gift Card
4115,262,332,5,2024-06-02T10:30:36.545767,Credit Card
4116,118,208,5,2025-04-12T10:30:36.545773,Debit Card
4117,708,66,5,2025-04-19T10:30:36.545777,Crypto
4118,123,496,2,2025-06-11T10:30:36.545781,Credit Card
4119,237,128,1,2023-10-07T10:30:36.545785,Credit Card
4120,701,203,2,2023-02-09T10:30:36.545790,PayPal
4121,284,492,1,2024-03-15T10:30:36.545794,Credit Card
4122,668,108,1,2023-06-28T10:30:36.545798,Credit Card
4123,424,55,3,2025-03-27T10:30:36.545802,Gift Card
4124,148,76,1,2023-05-19T10:30:36.545806,Debit Card
4125,333,211,4,2023-12-19T10:30:36.545811,Crypto
4126,697,141,4,2023-12-15T10:30:36.545817,PayPal
4127,879,326,2,2025-03-27T10:30:36.545821,Gift Card
4128,362,97,2,2024-06-10T10:30:36.545846,Gift Card
4129,972,141,4,2025-09-04T10:30:36.545854,Debit Card
4130,4,222,4,2025-05-15T10:30:36.545859,Credit Card
4131,801,456,1,2023-09-19T10:30:36.545863,Gift Card
4132,537,149,2,2024-08-27T10:30:36.545867,Credit Card
4133,903,148,2,2025-01-07T10:30:36.545871,Debit Card
4134,182,219,1,2024-06-27T10:30:36.545875,Crypto
4135,67,301,4,2024-11-02T10:30:36.545881,Debit Card
4136,660,115,4,2025-04-02T10:30:36.545886,Debit Card
4137,860,245,4,2025-01-21T10:30:36.545890,PayPal
4138,492,113,4,2023-04-12T10:30:36.545894,PayPal
4139,18,400,2,2024-01-03T10:30:36.545898,Gift Card
4140,394,113,5,2024-05-21T10:30:36.545902,PayPal
4141,113,138,3,2024-05-08T10:30:36.545906,Debit Card
4142,707,51,3,2023-05-26T10:30:36.545910,Crypto
4143,819,159,4,2025-10-04T10:30:36.545914,Credit Card
4144,581,491,1,2025-02-19T10:30:36.545918,Debit Card
4145,259,415,2,2023-09-10T10:30:36.545922,Crypto
4146,877,315,5,2023-07-29T10:30:36.545926,Crypto
4147,944,94,4,2023-01-28T10:30:36.545930,Crypto
4148,4,77,1,2024-11-23T10:30:36.545935,Crypto
4149,430,291,3,2025-10-23T10:30:36.545939,Gift Card
4150,199,96,1,2023-10-05T10:30:36.545943,Debit Card
4151,739,392,4,2025-02-09T10:30:36.545948,Debit Card
4152,601,103,4,2023-12-09T10:30:36.545953,Crypto
4153,579,289,3,2025-07-18T10:30:36.545957,Gift Card
4154,484,320,2,2023-04-27T10:30:36.545961,PayPal
4155,333,24,3,2024-10-24T10:30:36.545966,Gift Card
4156,778,124,5,2024-11-17T10:30:36.545970,Gift Card
4157,234,221,5,2025-10-08T10:30:36.545974,Credit Card
4158,106,290,2,2025-03-02T10:30:36.545979,Gift Card
4159,888,23,2,2024-07-03T10:30:36.545983,Gift Card
4160,548,379,1,2025-07-11T10:30:36.545987,Crypto
4161,452,368,2,2025-03-12T10:30:36.545991,PayPal
4162,224,190,1,2025-09-17T10:30:36.545995,Debit Card
4163,12,471,5,2024-09-01T10:30:36.545999,Credit Card
4164,288,330,5,2023-04-27T10:30:36.546003,Gift Card
4165,915,108,1,2024-11-10T10:30:36.546007,PayPal
4166,627,61,1,2023-07-23T10:30:36.546012,Debit Card
4167,811,307,5,2023-09-21T10:30:36.546016,PayPal
4168,46,244,3,2024-04-18T10:30:36.546020,PayPal
4169,674,388,1,2023-03-21T10:30:36.546024,Gift Card
4170,837,111,4,2023-04-30T10:30:36.546029,Debit Card
4171,103,46,5,2024-03-07T10:30:36.546033,PayPal
4172,948,295,3,2025-10-24T10:30:36.546037,Gift Card
4173,714,179,3,2023-09-14T10:30:36.546041,Gift Card
4174,570,357,2,2025-09-27T10:30:36.546046,Credit Card
4175,643,293,1,2023-12-11T10:30:36.546050,Debit Card
4176,198,89,2,2025-02-27T10:30:36.546054,Credit Card
4177,751,92,2,2023-06-30T10:30:36.546058,PayPal
4178,203,68,3,2024-07-10T10:30:36.546064,Credit Card
4179,678,231,2,2024-01-30T10:30:36.546068,PayPal
4180,33,61,2,2024-10-14T10:30:36.546072,Debit Card
4181,855,352,4,2025-05-20T10:30:36.546076,Credit Card
4182,854,462,2,2024-06-26T10:30:36.546080,Gift Card
4183,8,88,3,2025-09-19T10:30:36.546084,Crypto
4184,180,351,4,2025-07-05T10:30:36.546088,Credit Card
4185,783,81,2,2025-08-11T10:30:36.546092,PayPal
4186,426,56,4,2025-03-04T10:30:36.546097,PayPal
4187,273,366,5,2023-10-25T10:30:36.546101,Crypto
4188,906,347,5,2023-02-25T10:30:36.546106,Crypto
4189,921,493,5,2024-11-21T10:30:36.546110,Gift Card
4190,162,425,5,2024-04-27T10:30:36.546115,Crypto
4191,221,489,4,2024-08-15T10:30:36.546119,PayPal
4192,626,429,4,2025-01-12T10:30:36.546123,Debit Card
4193,267,311,2,2023-03-21T10:30:36.546127,Credit Card
4194,201,208,3,2024-10-05T10:30:36.546133,Crypto
4195,477,475,1,2023-05-13T10:30:36.546138,Crypto
4196,119,408,2,2023-04-16T10:30:36.546142,Credit Card
4197,236,378,5,2023-02-25T10:30:36.546146,Credit Card
4198,574,246,4,2023-04-07T10:30:36.546150,Crypto
4199,730,378,2,2025-08-31T10:30:36.546154,Crypto
4200,185,276,2,2023-07-29T10:30:36.546158,PayPal
4201,247,465,1,2024-05-22T10:30:36.546162,Crypto
4202,557,453,1,2025-02-19T10:30:36.546167,Crypto
4203,566,43,3,2024-05-05T10:30:36.546171,Crypto
4204,96,133,3,2024-11-18T10:30:36.546175,Crypto
4205,140,424,2,2025-09-09T10:30:36.546179,Gift Card
4206,503,436,2,2025-06-03T10:30:36.546183,PayPal
4207,716,326,1,2024-05-12T10:30:36.546187,PayPal
4208,640,227,1,2024-08-18T10:30:36.546191,Crypto
4209,83,378,3,2024-07-10T10:30:36.546195,PayPal
4210,698,142,3,2025-09-24T10:30:36.546200,Credit Card
4211,784,6,1,2023-08-23T10:30:36.546204,Credit Card
4212,884,415,1,2025-07-31T10:30:36.546208,Debit Card
4213,169,388,5,2025-08-02T10:30:36.546214,Credit Card
4214,705,98,4,2023-02-22T10:30:36.546219,Credit Card
4215,450,402,5,2023-12-31T10:30:36.546223,Debit Card
4216,59,404,5,2025-09-28T10:30:36.546227,PayPal
4217,362,161,4,2023-12-06T10:30:36.546232,Credit Card
4218,814,469,5,2024-01-02T10:30:36.546236,Debit Card
4219,771,150,3,2025-05-14T10:30:36.546240,Credit Card
4220,559,417,2,2024-02-18T10:30:36.546244,Crypto
4221,553,245,3,2024-06-09T10:30:36.546248,Crypto
4222,933,394,1,2025-05-23T10:30:36.546252,PayPal
4223,845,391,3,2024-05-29T10:30:36.546256,Crypto
4224,808,22,3,2024-10-01T10:30:36.546260,Gift Card
4225,42,260,4,2024-07-03T10:30:36.546265,Credit Card
4226,46,307,1,2025-10-22T10:30:36.546269,Debit Card
4227,908,126,4,2024-11-05T10:30:36.546273,Debit Card
4228,91,186,5,2025-01-16T10:30:36.546277,Crypto
4229,154,208,4,2024-03-27T10:30:36.546282,Credit Card
4230,242,212,2,2023-07-31T10:30:36.546286,Debit Card
4231,524,117,3,2024-10-11T10:30:36.546290,Credit Card
4232,375,159,2,2023-08-13T10:30:36.546294,Crypto
4233,385,374,1,2024-04-07T10:30:36.546299,Credit Card
4234,641,241,1,2024-09-03T10:30:36.546304,PayPal
4235,247,211,5,2023-06-01T10:30:36.546308,Crypto
4236,572,236,5,2024-10-26T10:30:36.546312,Credit Card
4237,791,320,5,2025-04-18T10:30:36.546317,PayPal
4238,67,32,3,2023-07-26T10:30:36.546321,Credit Card
4239,951,63,4,2025-02-08T10:30:36.546325,Crypto
4240,128,456,5,2023-04-01T10:30:36.546329,Crypto
4241,757,3,3,2024-01-23T10:30:36.546333,Debit Card
4242,986,439,2,2024-04-12T10:30:36.546337,Gift Card
4243,511,451,2,2024-05-14T10:30:36.546341,PayPal
4244,388,368,2,2024-05-01T10:30:36.546345,Credit Card
4245,410,138,2,2025-05-19T10:30:36.546349,Credit Card
4246,145,357,4,2024-01-30T10:30:36.546353,Debit Card
4247,744,88,5,2024-03-18T10:30:36.546357,Debit Card
4248,418,153,2,2025-10-03T10:30:36.546362,PayPal
4249,901,215,2,2024-10-12T10:30:36.546366,Crypto
4250,442,110,1,2024-12-11T10:30:36.546370,Debit Card
4251,85,237,1,2023-07-06T10:30:36.546374,Gift Card
4252,299,485,4,2025-05-17T10:30:36.546380,Debit Card
4253,969,385,3,2023-09-10T10:30:36.546385,Debit Card
4254,888,448,1,2025-04-16T10:30:36.546389,Gift Card
4255,808,118,3,2024-11-10T10:30:36.546393,Crypto
4256,700,96,3,2025-04-11T10:30:36.546397,Credit Card
4257,685,44,4,2024-10-03T10:30:36.546401,Debit Card
4258,422,406,3,2023-05-25T10:30:36.546405,Debit Card
4259,526,295,5,2024-05-25T10:30:36.546409,Credit Card
4260,791,116,1,2024-10-12T10:30:36.546413,PayPal
4261,570,358,5,2024-05-11T10:30:36.546417,PayPal
4262,851,142,3,2023-10-13T10:30:36.546421,PayPal
4263,477,313,1,2023-12-05T10:30:36.546425,Debit Card
4264,39,149,1,2023-06-04T10:30:36.546430,Debit Card
4265,245,105,2,2025-03-25T10:30:36.546434,Debit Card
4266,199,425,5,2025-02-03T10:30:36.546439,Crypto
4267,323,453,1,2024-09-15T10:30:36.546443,PayPal
4268,827,73,1,2025-07-24T10:30:36.546447,Credit Card
4269,729,308,4,2024-05-04T10:30:36.546451,Gift Card
4270,739,450,1,2024-04-15T10:30:36.546455,Credit Card
4271,622,500,2,2025-02-20T10:30:36.546459,Crypto
4272,94,324,2,2024-06-07T10:30:36.546464,PayPal
4273,138,208,3,2025-03-07T10:30:36.546468,Credit Card
4274,904,209,1,2023-10-15T10:30:36.546472,Credit Card
4275,980,43,5,2023-09-06T10:30:36.546476,Crypto
4276,509,389,3,2024-09-21T10:30:36.546481,Credit Card
4277,473,492,5,2023-05-30T10:30:36.546486,Gift Card
4278,798,283,5,2023-04-25T10:30:36.546490,Credit Card
4279,11,467,2,2025-03-25T10:30:36.546494,Credit Card
4280,831,16,5,2025-07-07T10:30:36.546499,Debit Card
4281,798,213,1,2024-04-10T10:30:36.546504,PayPal
4282,858,306,5,2023-03-23T10:30:36.546508,Credit Card
4283,251,353,4,2024-11-17T10:30:36.546512,Gift Card
4284,653,360,4,2025-01-27T10:30:36.546516,Debit Card
4285,843,306,1,2023-02-14T10:30:36.546520,Gift Card
4286,939,2,5,2023-11-28T10:30:36.546524,PayPal
4287,402,189,5,2023-08-05T10:30:36.546528,Debit Card
4288,138,454,1,2025-08-07T10:30:36.546532,Debit Card
4289,619,37,1,2023-05-17T10:30:36.546536,Crypto
4290,655,396,5,2025-01-04T10:30:36.546541,Credit Card
4291,553,150,2,2025-03-02T10:30:36.546564,Gift Card
4292,543,245,3,2023-06-19T10:30:36.546572,Credit Card
4293,601,72,4,2025-04-08T10:30:36.546576,PayPal
4294,835,371,2,2023-03-05T10:30:36.546580,PayPal
4295,622,309,5,2025-05-26T10:30:36.546584,Credit Card
4296,246,232,3,2024-11-15T10:30:36.546588,Debit Card
4297,429,40,1,2025-02-05T10:30:36.546592,Credit Card
4298,713,382,3,2025-06-13T10:30:36.546597,Crypto
4299,549,209,1,2023-06-28T10:30:36.546601,Debit Card
4300,646,11,3,2025-02-23T10:30:36.546605,Gift Card
4301,959,203,4,2024-08-05T10:30:36.546609,Credit Card
4302,532,356,1,2025-06-27T10:30:36.546613,PayPal
4303,437,400,1,2023-03-08T10:30:36.546617,Credit Card
4304,967,99,1,2024-05-10T10:30:36.546621,PayPal
4305,370,200,4,2023-05-03T10:30:36.546625,Crypto
4306,91,419,1,2024-09-24T10:30:36.546629,PayPal
4307,702,234,1,2024-11-30T10:30:36.546633,PayPal
4308,103,488,2,2023-08-30T10:30:36.546637,PayPal
4309,261,460,3,2024-10-25T10:30:36.546641,Credit Card
4310,838,221,5,2024-04-09T10:30:36.546645,PayPal
4311,447,293,1,2024-06-14T10:30:36.546651,Gift Card
4312,435,391,5,2024-01-04T10:30:36.546655,PayPal
4313,637,108,5,2023-06-26T10:30:36.546659,Debit Card
4314,298,384,1,2025-06-28T10:30:36.546663,PayPal
4315,312,459,5,2025-10-19T10:30:36.546667,Crypto
4316,459,400,2,2024-11-08T10:30:36.546673,Debit Card
4317,244,245,5,2023-10-01T10:30:36.546677,Crypto
4318,140,209,1,2025-03-21T10:30:36.546681,PayPal
4319,661,192,5,2023-10-14T10:30:36.546685,Credit Card
4320,55,53,3,2024-07-19T10:30:36.546689,Credit Card
4321,621,421,1,2024-05-23T10:30:36.546693,Debit Card
4322,579,298,1,2023-07-25T10:30:36.546698,Debit Card
4323,293,294,2,2023-03-12T10:30:36.546702,Credit Card
4324,732,232,3,2024-03-07T10:30:36.546706,PayPal
4325,413,388,5,2023-11-01T10:30:36.546710,Crypto
4326,639,483,4,2023-08-31T10:30:36.546714,Crypto
4327,587,414,4,2023-05-18T10:30:36.546718,Debit Card
4328,851,283,5,2023-09-08T10:30:36.546722,Crypto
4329,764,374,4,2025-07-25T10:30:36.546727,Crypto
4330,303,75,5,2023-08-14T10:30:36.546732,Debit Card
4331,594,197,5,2025-02-12T10:30:36.546736,PayPal
4332,339,290,1,2024-12-27T10:30:36.546742,Credit Card
4333,791,257,3,2024-03-20T10:30:36.546746,Crypto
4334,812,500,2,2023-02-21T10:30:36.546750,PayPal
4335,912,98,1,2025-04-18T10:30:36.546754,PayPal
4336,302,400,2,2023-08-22T10:30:36.546758,Gift Card
4337,414,289,5,2023-02-14T10:30:36.546762,Credit Card
4338,418,319,1,2024-04-01T10:30:36.546767,Gift Card
4339,159,204,1,2024-07-13T10:30:36.546771,Gift Card
4340,996,457,1,2024-01-06T10:30:36.546775,Gift Card
4341,179,384,2,2024-12-12T10:30:36.546779,Crypto
4342,966,371,2,2024-05-10T10:30:36.546783,Crypto
4343,226,167,5,2023-04-09T10:30:36.546787,Debit Card
4344,666,125,5,2025-06-05T10:30:36.546791,Crypto
4345,776,9,3,2023-06-30T10:30:36.546808,Credit Card
4346,919,177,4,2023-04-30T10:30:36.546816,Credit Card
4347,146,462,5,2024-02-08T10:30:36.546821,Gift Card
4348,350,16,5,2023-07-24T10:30:36.546825,PayPal
4349,416,303,3,2024-04-15T10:30:36.546829,PayPal
4350,445,339,3,2025-07-21T10:30:36.546835,Crypto
4351,392,294,4,2024-11-06T10:30:36.546840,Gift Card
4352,646,38,2,2025-10-09T10:30:36.546844,Crypto
4353,494,415,4,2025-07-16T10:30:36.546848,PayPal
4354,785,98,5,2024-12-07T10:30:36.546852,Crypto
4355,345,473,1,2025-02-09T10:30:36.546856,PayPal
4356,796,137,4,2024-04-18T10:30:36.546860,PayPal
4357,247,301,3,2023-06-07T10:30:36.546865,Crypto
4358,279,321,1,2023-06-02T10:30:36.546869,Credit Card
4359,853,492,2,2024-06-22T10:30:36.546873,PayPal
4360,2,4,5,2024-08-06T10:30:36.546877,Crypto
4361,401,465,4,2025-08-21T10:30:36.546881,Credit Card
4362,120,427,4,2024-05-27T10:30:36.546885,PayPal
4363,77,42,2,2023-07-14T10:30:36.546889,Crypto
4364,343,422,1,2025-09-05T10:30:36.546894,Credit Card
4365,385,271,1,2024-02-06T10:30:36.546898,Debit Card
4366,83,151,5,2025-08-11T10:30:36.546902,Debit Card
4367,56,233,4,2023-08-24T10:30:36.546906,PayPal
4368,884,323,5,2025-04-07T10:30:36.546910,Crypto
4369,973,227,4,2024-01-21T10:30:36.546916,PayPal
4370,52,374,3,2025-03-13T10:30:36.546921,Debit Card
4371,277,9,4,2024-07-30T10:30:36.546925,Gift Card
4372,614,145,4,2025-05-11T10:30:36.546929,Credit Card
4373,732,483,4,2023-05-02T10:30:36.546933,PayPal
4374,744,207,4,2023-12-07T10:30:36.546937,PayPal
4375,611,71,3,2025-10-05T10:30:36.546941,Crypto
4376,818,48,4,2023-10-13T10:30:36.546945,Gift Card
4377,945,197,1,2025-05-13T10:30:36.546949,Crypto
4378,717,478,5,2025-08-17T10:30:36.546953,Debit Card
4379,24,204,5,2023-12-04T10:30:36.546957,Crypto
4380,270,35,2,2025-04-04T10:30:36.546963,PayPal
4381,465,119,1,2023-03-10T10:30:36.546967,PayPal
4382,978,477,3,2024-10-23T10:30:36.546972,PayPal
4383,208,177,4,2025-07-05T10:30:36.546976,Gift Card
4384,558,475,1,2024-07-06T10:30:36.546980,Credit Card
4385,210,435,2,2023-11-30T10:30:36.546984,Credit Card
4386,81,309,2,2025-10-24T10:30:36.546988,Gift Card
4387,116,113,4,2025-02-23T10:30:36.546992,Crypto
4388,686,163,2,2024-07-03T10:30:36.546996,Gift Card
4389,560,294,3,2024-10-04T10:30:36.547002,Credit Card
4390,195,112,4,2025-08-09T10:30:36.547006,Crypto
4391,304,158,3,2024-02-26T10:30:36.547010,Credit Card
4392,744,493,2,2023-05-23T10:30:36.547014,Crypto
4393,331,25,2,2023-05-24T10:30:36.547018,Gift Card
4394,302,262,1,2023-02-01T10:30:36.547022,Credit Card
4395,442,142,3,2025-08-31T10:30:36.547026,PayPal
4396,463,105,3,2023-06-26T10:30:36.547030,Credit Card
4397,408,241,5,2025-07-06T10:30:36.547034,PayPal
4398,927,238,4,2023-12-11T10:30:36.547038,Crypto
4399,175,469,2,2025-08-09T10:30:36.547042,Credit Card
4400,854,83,1,2023-05-09T10:30:36.547046,Gift Card
4401,916,421,5,2024-04-23T10:30:36.547050,PayPal
4402,105,322,2,2025-01-30T10:30:36.547054,Crypto
4403,953,499,4,2025-05-02T10:30:36.547058,Crypto
4404,560,175,4,2023-08-13T10:30:36.547062,Crypto
4405,449,120,4,2023-05-21T10:30:36.547067,PayPal
4406,896,422,5,2025-02-18T10:30:36.547071,Credit Card
4407,869,264,2,2024-04-16T10:30:36.547076,Debit Card
4408,419,15,3,2025-03-04T10:30:36.547081,Crypto
4409,769,231,1,2024-06-07T10:30:36.547085,Crypto
4410,558,369,4,2024-09-07T10:30:36.547089,Credit Card
4411,465,245,1,2024-09-07T10:30:36.547093,Gift Card
4412,242,461,4,2024-05-12T10:30:36.547098,PayPal
4413,881,406,1,2024-10-16T10:30:36.547102,Credit Card
4414,386,277,2,2025-07-30T10:30:36.547106,PayPal
4415,185,115,3,2024-11-23T10:30:36.547110,PayPal
4416,89,202,3,2025-10-09T10:30:36.547115,Debit Card
4417,553,230,1,2023-11-21T10:30:36.547119,Debit Card
4418,415,292,2,2023-10-05T10:30:36.547123,Credit Card
4419,536,334,2,2025-08-11T10:30:36.547127,Crypto
4420,143,168,5,2024-09-12T10:30:36.547131,Gift Card
4421,774,305,1,2024-04-02T10:30:36.547135,Crypto
4422,548,396,3,2025-02-26T10:30:36.547139,Gift Card
4423,639,312,5,2025-01-02T10:30:36.547143,Crypto
4424,889,9,2,2025-06-17T10:30:36.547147,Credit Card
4425,872,170,1,2023-02-23T10:30:36.547152,Crypto
4426,709,374,2,2023-12-16T10:30:36.547156,Crypto
4427,444,500,5,2023-10-22T10:30:36.547160,Debit Card
4428,520,497,3,2023-12-31T10:30:36.547165,PayPal
4429,306,452,5,2024-11-13T10:30:36.547169,Crypto
4430,525,284,1,2024-01-01T10:30:36.547174,Credit Card
4431,291,178,4,2024-01-22T10:30:36.547178,Crypto
4432,520,235,1,2023-11-13T10:30:36.547182,Gift Card
4433,94,183,2,2025-02-26T10:30:36.547187,Crypto
4434,412,230,4,2024-06-22T10:30:36.547192,PayPal
4435,553,394,2,2025-09-28T10:30:36.547196,Crypto
4436,463,141,4,2023-08-18T10:30:36.547200,Credit Card
4437,987,315,1,2023-10-19T10:30:36.547204,Gift Card
4438,507,313,5,2024-06-07T10:30:36.547208,Gift Card
4439,555,77,5,2024-03-15T10:30:36.547212,Gift Card
4440,518,255,2,2023-06-20T10:30:36.547216,PayPal
4441,328,265,5,2025-04-07T10:30:36.547220,Gift Card
4442,768,20,5,2024-12-03T10:30:36.547224,Crypto
4443,1,205,2,2023-11-26T10:30:36.547230,PayPal
4444,378,27,3,2023-05-04T10:30:36.547234,Credit Card
4445,680,459,3,2023-09-12T10:30:36.547238,Gift Card
4446,391,373,5,2024-11-19T10:30:36.547242,Gift Card
4447,583,20,1,2023-12-05T10:30:36.547247,Credit Card
4448,172,144,5,2025-04-27T10:30:36.547251,Debit Card
4449,873,192,3,2025-02-09T10:30:36.547256,PayPal
4450,957,269,4,2024-07-10T10:30:36.547260,Crypto
4451,404,101,2,2024-10-28T10:30:36.547264,Crypto
4452,302,96,2,2024-01-14T10:30:36.547268,PayPal
4453,700,273,5,2023-06-10T10:30:36.547272,Debit Card
4454,809,201,2,2023-05-21T10:30:36.547276,PayPal
4455,560,492,5,2023-03-13T10:30:36.547280,Credit Card
4456,349,208,2,2025-01-31T10:30:36.547285,Credit Card
4457,701,349,3,2025-04-16T10:30:36.547289,Crypto
4458,780,173,4,2025-04-25T10:30:36.547293,Debit Card
4459,399,86,5,2025-05-02T10:30:36.547297,Gift Card
4460,969,302,2,2023-05-19T10:30:36.547301,PayPal
4461,352,272,5,2023-08-16T10:30:36.547305,Debit Card
4462,105,115,5,2025-07-08T10:30:36.547309,Crypto
4463,728,201,3,2024-10-15T10:30:36.547313,Credit Card
4464,975,331,4,2024-05-11T10:30:36.547317,Debit Card
4465,980,198,5,2024-11-26T10:30:36.547321,Credit Card
4466,625,165,4,2023-08-25T10:30:36.547325,Debit Card
4467,845,134,2,2025-10-17T10:30:36.547349,PayPal
4468,314,322,5,2025-06-24T10:30:36.547357,Crypto
4469,845,296,1,2023-03-21T10:30:36.547362,Credit Card
4470,936,247,5,2024-06-16T10:30:36.547367,PayPal
4471,49,102,5,2023-06-24T10:30:36.547371,Debit Card
4472,596,121,3,2023-08-04T10:30:36.547375,Credit Card
4473,89,430,3,2025-03-23T10:30:36.547379,Gift Card
4474,315,46,3,2024-12-28T10:30:36.547383,Gift Card
4475,111,168,3,2025-03-31T10:30:36.547387,Credit Card
4476,222,374,2,2024-10-15T10:30:36.547391,Crypto
4477,908,110,4,2024-06-24T10:30:36.547396,Crypto
4478,100,122,4,2024-07-23T10:30:36.547400,Debit Card
4479,47,9,5,2025-01-25T10:30:36.547404,PayPal
4480,714,443,1,2025-01-07T10:30:36.547408,Credit Card
4481,37,398,3,2025-04-26T10:30:36.547412,Gift Card
4482,393,316,5,2023-02-27T10:30:36.547416,Credit Card
4483,713,303,5,2024-06-27T10:30:36.547420,Crypto
4484,62,310,2,2023-09-10T10:30:36.547426,Gift Card
4485,7,140,3,2025-06-14T10:30:36.547430,PayPal
4486,865,264,5,2024-04-01T10:30:36.547436,Debit Card
4487,412,84,2,2023-03-12T10:30:36.547440,Debit Card
4488,571,415,4,2024-08-24T10:30:36.547444,Credit Card
4489,979,167,5,2024-05-24T10:30:36.547448,Gift Card
4490,812,387,4,2024-04-21T10:30:36.547452,Gift Card
4491,287,153,2,2025-06-05T10:30:36.547456,Gift Card
4492,724,173,5,2024-11-13T10:30:36.547460,Debit Card
4493,555,324,3,2023-10-05T10:30:36.547465,Crypto
4494,433,494,3,2023-08-01T10:30:36.547469,Debit Card
4495,807,365,5,2025-01-03T10:30:36.547473,PayPal
4496,515,66,3,2023-02-17T10:30:36.547477,Crypto
4497,933,61,1,2023-07-16T10:30:36.547481,Gift Card
4498,341,14,2,2023-03-15T10:30:36.547485,Credit Card
4499,904,21,1,2025-05-18T10:30:36.547489,Debit Card
4500,382,328,2,2024-03-03T10:30:36.547493,PayPal
4501,75,491,2,2025-06-12T10:30:36.547497,Credit Card
4502,819,167,3,2025-08-15T10:30:36.547501,PayPal
4503,6,166,3,2024-06-19T10:30:36.547506,Credit Card
4504,535,105,4,2024-04-04T10:30:36.547510,PayPal
4505,699,52,3,2024-12-18T10:30:36.547514,Debit Card
4506,872,267,5,2024-02-01T10:30:36.547519,Gift Card
4507,396,301,5,2023-10-22T10:30:36.547525,Gift Card
4508,148,256,2,2024-08-17T10:30:36.547529,Gift Card
4509,921,327,4,2023-10-19T10:30:36.547533,Debit Card
4510,659,212,2,2023-09-21T10:30:36.547537,Credit Card
4511,133,188,5,2023-09-29T10:30:36.547541,PayPal
4512,942,189,3,2025-03-24T10:30:36.547545,Credit Card
4513,539,112,2,2023-10-31T10:30:36.547549,Crypto
4514,828,418,1,2023-10-01T10:30:36.547553,PayPal
4515,195,429,1,2025-06-17T10:30:36.547557,PayPal
4516,622,74,1,2024-01-22T10:30:36.547561,Debit Card
4517,640,48,1,2024-10-03T10:30:36.547565,Credit Card
4518,907,47,5,2025-02-16T10:30:36.547569,Gift Card
4519,269,251,2,2025-03-30T10:30:36.547573,Crypto
4520,475,177,1,2024-04-27T10:30:36.547577,PayPal
4521,786,242,4,2024-05-11T10:30:36.547582,Credit Card
4522,682,234,2,2023-08-11T10:30:36.547586,PayPal
4523,922,180,4,2024-07-06T10:30:36.547590,Debit Card
4524,267,383,3,2024-03-28T10:30:36.547594,Debit Card
4525,496,70,4,2025-05-19T10:30:36.547600,Crypto
4526,965,17,3,2025-06-01T10:30:36.547604,Crypto
4527,93,262,4,2024-09-28T10:30:36.547609,Crypto
4528,247,374,1,2024-09-18T10:30:36.547613,Credit Card
4529,563,445,2,2023-10-20T10:30:36.547617,Gift Card
4530,984,62,4,2025-04-28T10:30:36.547622,Credit Card
4531,469,352,2,2025-04-04T10:30:36.547626,Gift Card
4532,807,368,2,2023-03-21T10:30:36.547630,Crypto
4533,672,299,2,2023-02-18T10:30:36.547635,Credit Card
4534,334,94,2,2025-05-19T10:30:36.547639,Crypto
4535,979,291,5,2025-03-19T10:30:36.547643,Gift Card
4536,903,88,1,2023-10-05T10:30:36.547649,Gift Card
4537,819,168,5,2025-08-08T10:30:36.547653,Debit Card
4538,242,284,5,2025-05-30T10:30:36.547657,PayPal
4539,919,86,3,2023-12-26T10:30:36.547661,Debit Card
4540,720,494,2,2023-08-08T10:30:36.547666,Crypto
4541,877,458,5,2025-03-30T10:30:36.547670,Debit Card
4542,570,482,3,2025-01-24T10:30:36.547674,Gift Card
4543,126,251,4,2023-10-01T10:30:36.547678,Gift Card
4544,225,83,4,2025-01-01T10:30:36.547682,PayPal
4545,965,11,5,2024-11-18T10:30:36.547688,Debit Card
4546,887,130,5,2023-07-17T10:30:36.547692,Gift Card
4547,626,367,1,2025-04-23T10:30:36.547696,Gift Card
4548,619,423,5,2024-08-01T10:30:36.547700,Credit Card
4549,192,293,2,2024-07-31T10:30:36.547704,Credit Card
4550,166,29,3,2025-02-14T10:30:36.547709,Crypto
4551,480,389,5,2023-04-06T10:30:36.547713,Gift Card
4552,737,58,2,2024-06-09T10:30:36.547717,Debit Card
4553,142,297,5,2023-03-01T10:30:36.547721,Crypto
4554,249,67,2,2025-09-26T10:30:36.547725,Credit Card
4555,138,407,3,2024-09-13T10:30:36.547729,Credit Card
4556,562,97,2,2025-09-16T10:30:36.547733,Credit Card
4557,272,390,5,2024-06-11T10:30:36.547737,Crypto
4558,831,482,4,2024-05-11T10:30:36.547742,Crypto
4559,519,443,5,2024-08-02T10:30:36.547746,Debit Card
4560,701,108,3,2023-12-11T10:30:36.547750,Crypto
4561,366,95,2,2024-01-11T10:30:36.547754,Crypto
4562,404,474,1,2023-07-30T10:30:36.547758,Credit Card
4563,207,9,3,2024-12-19T10:30:36.547762,PayPal
4564,945,199,1,2023-07-13T10:30:36.547767,Crypto
4565,876,407,5,2024-11-30T10:30:36.548019,Credit Card
4566,472,35,3,2023-06-22T10:30:36.548026,PayPal
4567,977,108,5,2023-04-18T10:30:36.548030,Credit Card
4568,24,399,2,2024-01-05T10:30:36.548034,Crypto
4569,172,399,5,2023-09-18T10:30:36.548038,Debit Card
4570,680,13,1,2024-12-18T10:30:36.548042,PayPal
4571,490,142,5,2025-04-10T10:30:36.548049,Credit Card
4572,627,422,2,2023-04-05T10:30:36.548053,Credit Card
4573,591,213,4,2025-08-01T10:30:36.548057,PayPal
4574,704,304,4,2025-07-21T10:30:36.548061,Crypto
4575,991,59,2,2024-09-12T10:30:36.548065,Credit Card
4576,649,78,2,2025-06-28T10:30:36.548069,PayPal
4577,162,61,4,2024-08-31T10:30:36.548073,Gift Card
4578,771,339,2,2025-08-31T10:30:36.548078,Credit Card
4579,621,395,1,2025-06-28T10:30:36.548082,Credit Card
4580,392,207,1,2025-06-14T10:30:36.548086,PayPal
4581,43,62,5,2023-10-17T10:30:36.548090,Credit Card
4582,458,70,3,2023-12-17T10:30:36.548094,Crypto
4583,779,225,2,2025-04-05T10:30:36.548098,Crypto
4584,765,374,2,2025-09-17T10:30:36.548104,Debit Card
4585,586,99,4,2024-09-30T10:30:36.548108,Debit Card
4586,214,275,1,2023-12-18T10:30:36.548113,PayPal
4587,467,334,3,2023-08-21T10:30:36.548118,Crypto
4588,107,77,3,2025-04-27T10:30:36.548122,Credit Card
4589,93,146,1,2023-08-08T10:30:36.548126,Crypto
4590,700,203,5,2025-06-03T10:30:36.548130,Debit Card
4591,881,5,5,2023-12-14T10:30:36.548134,Debit Card
4592,138,77,5,2025-01-04T10:30:36.548138,Gift Card
4593,132,9,5,2025-04-09T10:30:36.548142,Debit Card
4594,991,180,4,2023-06-18T10:30:36.548147,Credit Card
4595,830,380,1,2023-07-23T10:30:36.548151,PayPal
4596,733,342,5,2024-02-22T10:30:36.548155,Debit Card
4597,132,399,5,2024-06-03T10:30:36.548159,Credit Card
4598,795,50,2,2023-02-05T10:30:36.548163,Gift Card
4599,122,73,3,2025-04-12T10:30:36.548167,Gift Card
4600,958,184,5,2024-11-24T10:30:36.548171,Crypto
4601,376,199,3,2023-09-05T10:30:36.548175,PayPal
4602,218,434,1,2025-02-01T10:30:36.548180,Credit Card
4603,910,381,2,2025-09-28T10:30:36.548185,PayPal
4604,494,477,1,2024-08-18T10:30:36.548189,Credit Card
4605,371,315,2,2024-06-21T10:30:36.548193,PayPal
4606,571,254,3,2025-08-24T10:30:36.548197,PayPal
4607,614,318,1,2024-07-28T10:30:36.548201,Credit Card
4608,442,219,5,2025-10-02T10:30:36.548205,Gift Card
4609,234,67,2,2023-05-28T10:30:36.548209,Debit Card
4610,544,333,1,2024-11-08T10:30:36.548214,Debit Card
4611,268,488,2,2023-06-30T10:30:36.548218,Credit Card
4612,228,360,3,2025-09-21T10:30:36.548222,PayPal
4613,61,64,1,2024-02-02T10:30:36.548226,Debit Card
4614,930,464,4,2023-02-18T10:30:36.548230,Gift Card
4615,578,469,4,2024-10-12T10:30:36.548234,Gift Card
4616,915,403,3,2024-01-26T10:30:36.548238,Credit Card
4617,380,227,5,2023-12-01T10:30:36.548242,Debit Card
4618,381,146,4,2023-06-14T10:30:36.548246,PayPal
4619,969,127,3,2024-06-20T10:30:36.548250,Credit Card
4620,141,429,3,2024-07-09T10:30:36.548254,Gift Card
4621,3,57,1,2024-04-04T10:30:36.548258,Credit Card
4622,788,61,5,2025-06-21T10:30:36.548262,Credit Card
4623,213,14,4,2024-04-05T10:30:36.548268,PayPal
4624,103,231,4,2025-01-15T10:30:36.548272,Credit Card
4625,501,83,4,2024-05-14T10:30:36.548276,Credit Card
4626,558,7,5,2025-07-17T10:30:36.548280,Debit Card
4627,459,55,2,2024-02-26T10:30:36.548284,Credit Card
4628,890,369,1,2023-01-31T10:30:36.548288,Debit Card
4629,722,32,4,2025-07-30T10:30:36.548292,PayPal
4630,521,22,4,2024-07-18T10:30:36.548296,Credit Card
4631,253,28,4,2023-10-26T10:30:36.548300,PayPal
4632,341,41,1,2023-07-15T10:30:36.548304,Debit Card
4633,370,497,5,2023-02-21T10:30:36.548308,Debit Card
4634,504,154,2,2023-07-27T10:30:36.548312,Gift Card
4635,180,59,2,2025-09-29T10:30:36.548318,Credit Card
4636,579,223,2,2024-11-01T10:30:36.548322,Crypto
4637,881,271,3,2024-07-24T10:30:36.548354,Gift Card
4638,721,220,5,2025-02-07T10:30:36.548361,Gift Card
4639,31,105,1,2024-03-29T10:30:36.548366,Credit Card
4640,342,102,2,2024-02-11T10:30:36.548370,Gift Card
4641,161,422,4,2023-03-25T10:30:36.548375,Debit Card
4642,859,224,4,2024-08-03T10:30:36.548380,PayPal
4643,81,181,5,2025-08-20T10:30:36.548384,Crypto
4644,247,426,2,2023-11-08T10:30:36.548389,Gift Card
4645,20,17,1,2025-01-25T10:30:36.548393,Gift Card
4646,425,218,1,2024-12-10T10:30:36.548399,Debit Card
4647,642,302,1,2023-09-12T10:30:36.548403,Credit Card
4648,815,60,1,2024-07-24T10:30:36.548407,Crypto
4649,498,342,4,2025-06-19T10:30:36.548411,Debit Card
4650,39,11,3,2024-03-04T10:30:36.548415,PayPal
4651,557,394,5,2025-08-16T10:30:36.548420,Crypto
4652,776,359,3,2024-03-16T10:30:36.548424,Credit Card
4653,323,128,1,2024-12-04T10:30:36.548428,PayPal
4654,44,131,5,2024-02-09T10:30:36.548432,Crypto
4655,39,414,5,2024-12-24T10:30:36.548436,Crypto
4656,842,255,4,2023-08-14T10:30:36.548440,Crypto
4657,542,253,2,2023-12-31T10:30:36.548444,Credit Card
4658,204,238,5,2024-08-01T10:30:36.548449,Credit Card
4659,834,213,4,2024-02-15T10:30:36.548453,Crypto
4660,768,150,1,2024-08-30T10:30:36.548457,Gift Card
4661,979,51,2,2025-03-17T10:30:36.548462,Gift Card
4662,294,488,1,2024-06-15T10:30:36.548469,Gift Card
4663,585,137,2,2025-02-28T10:30:36.548474,PayPal
4664,781,166,4,2025-04-20T10:30:36.548478,PayPal
4665,755,353,5,2023-12-09T10:30:36.548482,Crypto
4666,610,149,5,2024-03-21T10:30:36.548486,Credit Card
4667,626,229,1,2025-08-17T10:30:36.548490,Debit Card
4668,170,453,4,2023-06-09T10:30:36.548495,PayPal
4669,27,110,4,2025-09-02T10:30:36.548499,Crypto
4670,472,420,5,2023-06-13T10:30:36.548503,PayPal
4671,109,46,4,2025-08-29T10:30:36.548507,PayPal
4672,677,341,1,2024-01-18T10:30:36.548511,Debit Card
4673,98,436,5,2023-03-03T10:30:36.548515,Credit Card
4674,241,190,5,2024-03-18T10:30:36.548519,Crypto
4675,610,259,5,2024-07-22T10:30:36.548524,PayPal
4676,919,58,1,2023-01-29T10:30:36.548528,Gift Card
4677,986,12,5,2024-05-27T10:30:36.548532,Crypto
4678,988,149,5,2025-09-23T10:30:36.548536,Credit Card
4679,994,280,4,2023-04-23T10:30:36.548553,Debit Card
4680,312,274,2,2025-05-13T10:30:36.548559,Credit Card
4681,463,485,3,2024-05-08T10:30:36.548565,Crypto
4682,756,475,2,2024-03-19T10:30:36.548570,Gift Card
4683,996,260,3,2024-08-02T10:30:36.548574,Credit Card
4684,553,89,1,2023-07-16T10:30:36.548578,Credit Card
4685,266,277,1,2024-08-22T10:30:36.548582,Gift Card
4686,328,243,1,2023-06-29T10:30:36.548586,PayPal
4687,863,97,4,2024-03-27T10:30:36.548590,Credit Card
4688,307,305,4,2025-07-23T10:30:36.548596,Credit Card
4689,957,81,5,2023-04-26T10:30:36.548600,Gift Card
4690,691,419,5,2025-01-21T10:30:36.548604,PayPal
4691,615,344,4,2024-03-30T10:30:36.548608,Crypto
4692,155,238,4,2024-03-11T10:30:36.548612,Gift Card
4693,681,326,1,2025-01-24T10:30:36.548617,Credit Card
4694,603,182,2,2023-10-25T10:30:36.548621,Credit Card
4695,265,464,1,2023-08-07T10:30:36.548625,Crypto
4696,434,58,3,2024-08-13T10:30:36.548629,Credit Card
4697,507,461,5,2024-01-06T10:30:36.548633,PayPal
4698,182,250,3,2023-12-04T10:30:36.548638,Crypto
4699,572,115,3,2023-10-15T10:30:36.548643,Gift Card
4700,363,55,4,2024-03-09T10:30:36.548647,Gift Card
4701,187,150,1,2023-05-02T10:30:36.548652,Crypto
4702,949,216,3,2023-06-22T10:30:36.548656,Crypto
4703,386,197,5,2025-02-12T10:30:36.548660,Debit Card
4704,959,314,4,2025-09-28T10:30:36.548665,Debit Card
4705,464,262,3,2025-05-22T10:30:36.548669,Credit Card
4706,455,6,2,2024-03-29T10:30:36.548673,Debit Card
4707,105,198,2,2025-05-14T10:30:36.548677,Debit Card
4708,594,390,2,2023-07-02T10:30:36.548681,Gift Card
4709,282,278,5,2025-06-18T10:30:36.548685,Credit Card
4710,515,496,5,2023-02-14T10:30:36.548689,PayPal
4711,273,274,4,2024-04-27T10:30:36.548693,Crypto
4712,234,315,1,2023-05-07T10:30:36.548698,Gift Card
4713,141,133,4,2024-06-20T10:30:36.548702,PayPal
4714,771,270,4,2024-02-16T10:30:36.548706,Crypto
4715,70,218,1,2024-01-25T10:30:36.548710,Credit Card
4716,92,154,1,2025-03-19T10:30:36.548714,Credit Card
4717,601,459,2,2024-10-23T10:30:36.548719,Crypto
4718,656,418,2,2023-07-07T10:30:36.548723,PayPal
4719,732,209,1,2025-02-28T10:30:36.548727,PayPal
4720,487,369,4,2023-04-23T10:30:36.548732,Credit Card
4721,350,96,2,2025-09-10T10:30:36.548736,Debit Card
4722,329,285,5,2025-07-20T10:30:36.548741,Gift Card
4723,341,400,1,2023-04-07T10:30:36.548745,PayPal
4724,369,465,3,2023-09-17T10:30:36.548749,Debit Card
4725,508,75,3,2025-06-19T10:30:36.548753,Crypto
4726,100,220,3,2023-12-29T10:30:36.548757,Credit Card
4727,894,99,3,2025-01-17T10:30:36.548761,Credit Card
4728,807,291,4,2024-09-08T10:30:36.548765,Credit Card
4729,482,387,4,2023-04-20T10:30:36.548769,Credit Card
4730,791,265,2,2023-11-08T10:30:36.548774,Debit Card
4731,609,276,5,2023-09-14T10:30:36.548778,Crypto
4732,646,22,5,2024-04-18T10:30:36.548782,Credit Card
4733,888,206,4,2023-06-24T10:30:36.548786,Crypto
4734,149,50,3,2025-08-04T10:30:36.548790,Gift Card
4735,278,212,5,2023-06-09T10:30:36.548794,Credit Card
4736,807,116,3,2024-01-26T10:30:36.548798,PayPal
4737,942,202,4,2023-02-28T10:30:36.548802,Debit Card
4738,560,217,5,2023-12-15T10:30:36.548806,Crypto
4739,633,413,2,2023-11-09T10:30:36.548811,Crypto
4740,406,357,5,2024-04-10T10:30:36.548818,Gift Card
4741,320,477,5,2024-09-29T10:30:36.548822,Crypto
4742,320,353,1,2024-11-23T10:30:36.548826,Debit Card
4743,603,134,3,2023-07-25T10:30:36.548830,Credit Card
4744,114,64,5,2025-06-08T10:30:36.548834,Crypto
4745,696,93,1,2023-06-12T10:30:36.548838,Gift Card
4746,370,127,4,2023-04-28T10:30:36.548843,Credit Card
4747,360,59,1,2024-06-26T10:30:36.548847,Credit Card
4748,433,350,1,2025-03-06T10:30:36.548851,Crypto
4749,551,386,5,2023-07-21T10:30:36.548862,Gift Card
4750,213,216,3,2025-02-12T10:30:36.548869,Gift Card
4751,1000,364,2,2025-07-14T10:30:36.548874,Crypto
4752,594,134,3,2024-10-08T10:30:36.548878,Crypto
4753,58,195,4,2025-10-17T10:30:36.548882,Credit Card
4754,26,305,5,2024-12-20T10:30:36.548886,PayPal
4755,306,272,5,2025-02-10T10:30:36.548890,PayPal
4756,49,151,4,2024-10-05T10:30:36.548894,Debit Card
4757,805,463,5,2024-02-04T10:30:36.548898,Gift Card
4758,442,255,4,2025-09-03T10:30:36.548902,Debit Card
4759,809,224,3,2025-05-12T10:30:36.548908,Credit Card
4760,840,405,3,2024-12-06T10:30:36.548912,Gift Card
4761,886,187,4,2023-09-11T10:30:36.548916,Gift Card
4762,349,276,1,2024-03-19T10:30:36.548921,Gift Card
4763,802,488,3,2023-08-30T10:30:36.548926,Debit Card
4764,988,114,2,2023-08-16T10:30:36.548930,Crypto
4765,825,312,1,2024-08-15T10:30:36.548934,PayPal
4766,249,439,3,2025-02-02T10:30:36.548938,Gift Card
4767,897,196,2,2023-06-03T10:30:36.548942,PayPal
4768,789,215,3,2023-11-07T10:30:36.548946,Debit Card
4769,56,56,4,2024-01-16T10:30:36.548950,Debit Card
4770,619,312,3,2025-03-04T10:30:36.548954,Credit Card
4771,10,356,4,2025-05-13T10:30:36.548958,PayPal
4772,122,90,2,2024-12-27T10:30:36.548962,PayPal
4773,987,391,4,2024-08-12T10:30:36.548966,Gift Card
4774,711,337,4,2024-12-10T10:30:36.548970,Gift Card
4775,138,392,3,2024-02-05T10:30:36.548974,Credit Card
4776,400,15,1,2025-08-05T10:30:36.548978,PayPal
4777,288,364,1,2025-07-22T10:30:36.548982,Debit Card
4778,933,498,5,2023-07-13T10:30:36.548986,Debit Card
4779,547,409,5,2024-01-09T10:30:36.548991,Gift Card
4780,62,4,5,2025-10-09T10:30:36.548996,Credit Card
4781,486,302,5,2024-09-14T10:30:36.549000,Gift Card
4782,729,254,5,2025-06-16T10:30:36.549004,PayPal
4783,896,41,2,2024-03-12T10:30:36.549008,Crypto
4784,904,483,3,2024-07-27T10:30:36.549012,Credit Card
4785,954,411,3,2024-07-25T10:30:36.549016,PayPal
4786,736,210,3,2023-06-04T10:30:36.549020,PayPal
4787,654,416,4,2025-08-08T10:30:36.549026,PayPal
4788,748,57,2,2025-08-31T10:30:36.549030,PayPal
4789,542,129,2,2023-10-02T10:30:36.549034,Gift Card
4790,351,117,4,2024-11-04T10:30:36.549060,Crypto
4791,748,198,5,2025-09-05T10:30:36.549068,Gift Card
4792,568,180,2,2024-10-12T10:30:36.549073,Debit Card
4793,971,264,2,2024-12-11T10:30:36.549078,PayPal
4794,127,344,5,2023-11-13T10:30:36.549082,PayPal
4795,516,167,3,2024-10-19T10:30:36.549086,Debit Card
4796,49,17,4,2025-02-06T10:30:36.549090,Debit Card
4797,669,189,3,2023-12-27T10:30:36.549094,Gift Card
4798,347,379,2,2023-05-18T10:30:36.549100,PayPal
4799,866,451,1,2025-07-02T10:30:36.549104,PayPal
4800,968,100,2,2023-03-12T10:30:36.549108,Gift Card
4801,293,395,5,2024-02-03T10:30:36.549112,Gift Card
4802,699,482,5,2023-10-04T10:30:36.549117,Credit Card
4803,462,225,4,2023-09-03T10:30:36.549121,PayPal
4804,249,341,3,2024-01-03T10:30:36.549125,PayPal
4805,502,87,1,2025-04-11T10:30:36.549129,Crypto
4806,552,195,2,2023-07-08T10:30:36.549133,Credit Card
4807,920,244,3,2023-10-24T10:30:36.549137,Credit Card
4808,671,278,1,2023-07-27T10:30:36.549141,Credit Card
4809,622,402,4,2023-02-12T10:30:36.549145,PayPal
4810,847,22,3,2024-11-22T10:30:36.549149,PayPal
4811,34,198,5,2023-08-05T10:30:36.549154,PayPal
4812,333,369,5,2024-05-27T10:30:36.549158,PayPal
4813,274,320,2,2024-11-20T10:30:36.549162,PayPal
4814,903,157,1,2025-09-18T10:30:36.549166,Credit Card
4815,528,36,4,2024-07-30T10:30:36.549170,Gift Card
4816,518,147,5,2023-04-12T10:30:36.549174,Credit Card
4817,863,218,3,2025-05-01T10:30:36.549178,Debit Card
4818,261,131,3,2025-01-30T10:30:36.549184,Debit Card
4819,438,28,5,2025-03-23T10:30:36.549188,Crypto
4820,901,186,1,2024-06-25T10:30:36.549192,Crypto
4821,635,112,4,2023-11-03T10:30:36.549197,Crypto
4822,110,8,3,2025-02-20T10:30:36.549201,Crypto
4823,127,76,5,2024-07-14T10:30:36.549205,Crypto
4824,525,339,3,2023-05-13T10:30:36.549209,Crypto
4825,753,198,5,2024-03-22T10:30:36.549213,Crypto
4826,436,301,5,2024-05-16T10:30:36.549219,PayPal
4827,907,455,5,2025-08-23T10:30:36.549224,Debit Card
4828,323,247,5,2023-11-05T10:30:36.549228,PayPal
4829,858,246,1,2025-01-17T10:30:36.549232,Gift Card
4830,698,71,3,2024-10-04T10:30:36.549236,PayPal
4831,38,415,1,2023-05-26T10:30:36.549240,Crypto
4832,554,383,4,2023-10-28T10:30:36.549244,Debit Card
4833,180,138,2,2023-04-12T10:30:36.549248,PayPal
4834,852,286,2,2024-02-26T10:30:36.549253,Gift Card
4835,167,267,2,2025-02-23T10:30:36.549257,Crypto
4836,812,53,2,2023-01-29T10:30:36.549261,Credit Card
4837,662,338,5,2024-05-31T10:30:36.549266,Credit Card
4838,402,472,2,2023-03-03T10:30:36.549270,Crypto
4839,216,89,5,2023-05-21T10:30:36.549274,Crypto
4840,947,26,5,2024-04-02T10:30:36.549279,PayPal
4841,172,75,1,2025-09-09T10:30:36.549284,Credit Card
4842,16,95,2,2025-04-28T10:30:36.549288,Credit Card
4843,17,33,5,2024-09-24T10:30:36.549292,Gift Card
4844,445,195,1,2025-09-08T10:30:36.549296,Credit Card
4845,521,431,5,2023-12-07T10:30:36.549300,Crypto
4846,942,411,4,2023-10-23T10:30:36.549304,Gift Card
4847,125,6,5,2025-07-31T10:30:36.549308,Debit Card
4848,194,191,4,2023-08-01T10:30:36.549312,Credit Card
4849,296,32,2,2023-04-19T10:30:36.549316,Crypto
4850,297,476,3,2023-12-29T10:30:36.549320,PayPal
4851,657,484,1,2024-02-29T10:30:36.549324,Crypto
4852,774,25,4,2025-01-15T10:30:36.549329,Gift Card
4853,802,385,5,2024-01-07T10:30:36.549333,PayPal
4854,200,162,3,2024-09-01T10:30:36.549337,Crypto
4855,324,427,1,2025-09-19T10:30:36.549348,Credit Card
4856,204,376,1,2024-07-13T10:30:36.549352,Gift Card
4857,938,94,1,2024-10-11T10:30:36.549357,Debit Card
4858,967,169,5,2024-10-01T10:30:36.549361,Gift Card
4859,855,39,3,2025-10-04T10:30:36.549365,Credit Card
4860,447,222,4,2024-08-18T10:30:36.549369,Debit Card
4861,95,38,1,2023-04-12T10:30:36.549373,Gift Card
4862,939,190,3,2023-05-20T10:30:36.549378,Credit Card
4863,726,47,2,2025-01-09T10:30:36.549382,Credit Card
4864,828,229,5,2024-11-27T10:30:36.549386,Credit Card
4865,409,315,5,2025-01-22T10:30:36.549390,Crypto
4866,481,22,5,2024-02-03T10:30:36.549394,Credit Card
4867,377,396,5,2023-09-07T10:30:36.549398,PayPal
4868,441,215,5,2025-03-31T10:30:36.549402,Debit Card
4869,568,73,4,2024-04-25T10:30:36.549406,Crypto
4870,579,319,4,2025-05-14T10:30:36.549410,Gift Card
4871,622,236,1,2024-05-02T10:30:36.549414,PayPal
4872,553,222,5,2024-04-04T10:30:36.549418,Crypto
4873,920,326,5,2025-06-25T10:30:36.549422,Gift Card
4874,542,350,4,2023-08-16T10:30:36.549427,Crypto
4875,75,187,1,2024-10-10T10:30:36.549431,Crypto
4876,440,93,3,2024-07-17T10:30:36.549438,Credit Card
4877,584,233,4,2025-10-01T10:30:36.549442,Crypto
4878,243,65,1,2023-03-04T10:30:36.549446,Credit Card
4879,136,221,3,2024-07-16T10:30:36.549451,Crypto
4880,592,287,2,2024-09-30T10:30:36.549455,Credit Card
4881,310,41,5,2023-06-02T10:30:36.549459,Credit Card
4882,780,484,5,2024-10-12T10:30:36.549463,PayPal
4883,964,38,4,2024-10-20T10:30:36.549467,Debit Card
4884,523,161,1,2024-07-10T10:30:36.549471,Gift Card
4885,468,149,1,2023-12-07T10:30:36.549475,PayPal
4886,500,152,4,2024-02-16T10:30:36.549479,PayPal
4887,803,39,1,2024-04-18T10:30:36.549483,Crypto
4888,149,144,1,2024-02-09T10:30:36.549488,Crypto
4889,413,482,2,2024-08-04T10:30:36.549492,Debit Card
4890,182,84,2,2024-02-15T10:30:36.549497,Gift Card
4891,343,263,5,2025-08-09T10:30:36.549501,Gift Card
4892,55,416,3,2023-10-17T10:30:36.549506,Debit Card
4893,273,470,2,2025-07-09T10:30:36.549511,Crypto
4894,355,349,3,2024-10-08T10:30:36.549515,Gift Card
4895,854,428,1,2024-12-02T10:30:36.549519,Gift Card
4896,799,259,2,2025-10-22T10:30:36.549524,Crypto
4897,145,65,3,2024-06-03T10:30:36.549528,Credit Card
4898,728,295,1,2023-03-09T10:30:36.549532,Credit Card
4899,65,324,4,2025-03-14T10:30:36.549536,Debit Card
4900,420,141,1,2024-07-11T10:30:36.549540,PayPal
4901,217,424,2,2025-01-12T10:30:36.549545,Gift Card
4902,182,258,2,2023-03-28T10:30:36.549549,Crypto
4903,626,168,3,2025-10-19T10:30:36.549553,Credit Card
4904,92,249,5,2023-12-27T10:30:36.549557,Crypto
4905,188,83,3,2023-10-21T10:30:36.549561,Gift Card
4906,247,47,2,2024-08-21T10:30:36.549565,Credit Card
4907,399,483,5,2023-03-23T10:30:36.549569,Debit Card
4908,7,247,1,2025-08-25T10:30:36.549573,Debit Card
4909,966,288,1,2025-07-23T10:30:36.549577,Credit Card
4910,589,191,1,2024-02-07T10:30:36.549581,PayPal
4911,865,238,1,2023-07-12T10:30:36.549585,Credit Card
4912,323,96,4,2025-08-03T10:30:36.549589,Credit Card
4913,762,186,2,2023-02-28T10:30:36.549593,Gift Card
4914,55,421,5,2025-06-07T10:30:36.549597,PayPal
4915,45,17,4,2025-08-13T10:30:36.549602,Gift Card
4916,608,161,1,2025-10-20T10:30:36.549608,Gift Card
4917,263,464,1,2023-05-10T10:30:36.549612,Crypto
4918,588,403,3,2024-03-28T10:30:36.549616,Debit Card
4919,716,151,2,2023-07-17T10:30:36.549621,PayPal
4920,817,291,5,2024-07-02T10:30:36.549625,Gift Card
4921,608,285,5,2025-03-20T10:30:36.549629,Gift Card
4922,353,68,5,2025-02-03T10:30:36.549633,Debit Card
4923,980,242,1,2024-08-27T10:30:36.549637,Credit Card
4924,983,320,5,2023-03-22T10:30:36.549641,PayPal
4925,486,104,3,2023-07-17T10:30:36.549645,Crypto
4926,85,110,1,2025-09-18T10:30:36.549650,Debit Card
4927,341,24,2,2024-10-29T10:30:36.549654,Crypto
4928,680,313,4,2025-03-11T10:30:36.549658,PayPal
4929,71,240,3,2025-03-20T10:30:36.549662,Debit Card
4930,449,132,5,2023-09-03T10:30:36.549666,PayPal
4931,346,447,2,2024-08-20T10:30:36.549670,Crypto
4932,62,208,3,2024-04-14T10:30:36.549674,Gift Card
4933,40,382,4,2024-07-23T10:30:36.549678,PayPal
4934,603,281,2,2023-10-21T10:30:36.549682,Debit Card
4935,913,154,5,2024-05-27T10:30:36.549688,PayPal
4936,561,156,2,2024-12-03T10:30:36.549692,PayPal
4937,392,472,3,2024-09-04T10:30:36.549697,PayPal
4938,554,25,3,2024-11-16T10:30:36.549701,Credit Card
4939,457,418,4,2023-03-20T10:30:36.549705,Debit Card
4940,722,26,4,2024-10-21T10:30:36.549709,Gift Card
4941,635,172,3,2025-08-04T10:30:36.549713,Debit Card
4942,984,204,2,2025-03-28T10:30:36.549717,Crypto
4943,188,374,1,2024-02-24T10:30:36.549721,Credit Card
4944,554,480,3,2023-04-15T10:30:36.549727,Debit Card
4945,110,22,4,2024-01-19T10:30:36.549731,Debit Card
4946,749,15,5,2025-07-12T10:30:36.549735,PayPal
4947,103,487,1,2025-07-14T10:30:36.549739,Gift Card
4948,798,260,4,2025-07-19T10:30:36.549743,Crypto
4949,704,10,2,2024-11-22T10:30:36.549748,Debit Card
4950,722,483,4,2023-11-26T10:30:36.549752,Gift Card
4951,56,352,2,2025-05-05T10:30:36.549756,Credit Card
4952,416,368,5,2024-10-10T10:30:36.549760,PayPal
4953,323,419,3,2023-11-09T10:30:36.549765,Credit Card
4954,699,91,1,2023-04-24T10:30:36.549789,Credit Card
4955,683,70,2,2024-08-02T10:30:36.549796,Debit Card
4956,804,407,5,2024-10-24T10:30:36.549801,Credit Card
4957,11,81,4,2023-09-08T10:30:36.549805,Credit Card
4958,81,164,1,2024-11-13T10:30:36.549809,PayPal
4959,884,369,2,2023-04-10T10:30:36.549813,Debit Card
4960,990,409,5,2025-02-01T10:30:36.549818,Gift Card
4961,649,456,5,2024-11-11T10:30:36.549822,Credit Card
4962,449,145,1,2023-02-19T10:30:36.549826,Gift Card
4963,103,392,4,2023-11-03T10:30:36.549830,PayPal
4964,865,67,4,2024-02-23T10:30:36.549834,Crypto
4965,51,477,3,2023-10-30T10:30:36.549838,Crypto
4966,691,188,1,2023-04-03T10:30:36.549842,PayPal
4967,683,385,1,2025-09-05T10:30:36.549846,Credit Card
4968,403,148,5,2025-03-17T10:30:36.549850,Debit Card
4969,792,370,1,2025-03-30T10:30:36.549854,Crypto
4970,122,2,3,2024-11-02T10:30:36.549858,PayPal
4971,961,17,2,2024-08-12T10:30:36.549863,Credit Card
4972,519,314,3,2025-08-20T10:30:36.549867,Credit Card
4973,556,154,5,2023-04-07T10:30:36.549871,Credit Card
4974,979,114,3,2023-05-07T10:30:36.549877,Crypto
4975,632,457,2,2023-02-15T10:30:36.549881,Crypto
4976,368,178,2,2023-04-07T10:30:36.549885,Debit Card
4977,703,291,3,2025-05-27T10:30:36.549889,Credit Card
4978,371,199,1,2025-09-20T10:30:36.549893,Credit Card
4979,418,494,4,2024-03-20T10:30:36.549897,Crypto
4980,14,330,1,2024-09-12T10:30:36.549901,Crypto
4981,439,483,5,2025-08-25T10:30:36.549906,Credit Card
4982,560,199,4,2024-06-23T10:30:36.549910,Debit Card
4983,46,399,2,2024-06-21T10:30:36.549914,Crypto
4984,274,356,2,2023-10-22T10:30:36.549918,PayPal
4985,679,100,5,2023-06-09T10:30:36.549922,Debit Card
4986,315,298,3,2023-05-26T10:30:36.549926,PayPal
4987,22,2,4,2024-06-09T10:30:36.549930,Gift Card
4988,387,389,2,2024-11-16T10:30:36.549935,Debit Card
4989,9,112,2,2024-01-15T10:30:36.549939,Debit Card
4990,849,6,1,2024-06-06T10:30:36.549943,PayPal
4991,389,161,3,2025-06-13T10:30:36.549947,Gift Card
4992,189,147,1,2024-07-11T10:30:36.549951,Crypto
4993,261,95,5,2025-08-23T10:30:36.549957,PayPal
4994,678,485,5,2023-11-05T10:30:36.549963,PayPal
4995,225,405,2,2024-12-13T10:30:36.549967,Debit Card
4996,877,49,1,2025-10-09T10:30:36.549971,Credit Card
4997,586,21,4,2023-06-18T10:30:36.549975,Credit Card
4998,365,126,1,2024-01-11T10:30:36.549979,Crypto
4999,570,468,4,2024-05-20T10:30:36.549984,Debit Card
5000,249,8,2,2023-05-01T10:30:36.549988,Credit Card
